"Tempo(s)","Empuxo(N)"
"0","123.3332453644"
"0.00039080963782829","68.135520252845"
"0.0013908096378283","61.889879591638"
"0.0023908096378283","177.25841496182"
"0.0033908096378283","279.63419981005"
"0.0043908096378283","370.49132335482"
"0.0053908096378283","451.13567222201"
"0.0063908096378283","522.72423244722"
"0.0073908096378283","586.28216400477"
"0.0083908096378283","642.71790635297"
"0.0093908096378283","692.83654332235"
"0.010390809637828","737.35162904959"
"0.011390809637828","776.89565315733"
"0.012390809637828","812.02930263148"
"0.013390809637828","843.24965952769"
"0.014390809637828","870.99745746256"
"0.015390809637828","895.66350555959"
"0.016390809637828","917.59437590373"
"0.017390809637828","937.09743941454"
"0.018390809637828","954.44532520443"
"0.019390809637828","969.87986979219"
"0.020390809637828","983.61561485886"
"0.021390809637828","995.84290544405"
"0.022390809637828","1006.7306344816"
"0.023390809637828","1016.4286742714"
"0.024390809637828","1025.070030799"
"0.025390809637828","1032.7727526703"
"0.026390809637828","1039.6416227701"
"0.027390809637828","1045.7696575125"
"0.028390809637828","1051.2394356912"
"0.029390809637828","1056.1242764051"
"0.030390809637828","1060.4892832977"
"0.031390809637828","1064.392270367"
"0.032390809637828","1067.8845828534"
"0.033390809637828","1071.0118251631"
"0.034390809637828","1073.8145064144"
"0.035390809637828","1076.3286129813"
"0.036390809637828","1078.5861163372"
"0.037390809637828","1080.615423551"
"0.038390809637828","1082.441776947"
"0.039390809637828","1084.0876086995"
"0.040390809637828","1085.57285547"
"0.041390809637828","1086.9152376169"
"0.042390809637828","1088.1305069876"
"0.043390809637828","1089.2326668495"
"0.044390809637828","1090.2341671093"
"0.045390809637828","1091.1460776134"
"0.046390809637828","1091.9782420036"
"0.047390809637828","1092.7394143237"
"0.048390809637828","1093.4373803192"
"0.049390809637828","1094.0790651577"
"0.050390809637828","1094.6706290969"
"0.051390809637828","1095.2175524569"
"0.052390809637828","1095.7247110995"
"0.053390809637828","1096.1964434808"
"0.054390809637828","1096.6366102232"
"0.055390809637828","1097.048647046"
"0.056390809637828","1097.4356118"
"0.057390809637828","1097.8002262649"
"0.058390809637828","1098.1449132977"
"0.059390809637828","1098.4718298513"
"0.060390809637828","1098.782896325"
"0.061390809637828","1099.0798226564"
"0.062390809637828","1099.3641315198"
"0.063390809637828","1099.6371789521"
"0.064390809637828","1099.9001726944"
"0.065390809637828","1100.1541885029"
"0.066390809637828","1100.4001846558"
"0.067390809637828","1100.6390148566"
"0.068390809637828","1100.8714397115"
"0.069390809637828","1101.098136941"
"0.070390809637828","1101.3197104636"
"0.071390809637828","1101.5366984797"
"0.072390809637828","1101.7495806638"
"0.073390809637828","1101.9587845659"
"0.074390809637828","1102.1646913083"
"0.075390809637828","1102.3676406562"
"0.076390809637828","1102.5679355319"
"0.077390809637828","1102.7658460324"
"0.078390809637828","1102.9616130073"
"0.079390809637828","1103.1554512445"
"0.080390809637828","1103.347552306"
"0.081390809637828","1103.5380870542"
"0.082390809637828","1103.7272079017"
"0.083390809637828","1103.915050815"
"0.084390809637828","1104.1017370994"
"0.085390809637828","1104.287374989"
"0.086390809637828","1104.4720610633"
"0.087390809637828","1104.6558815098"
"0.088390809637828","1104.8389132482"
"0.089390809637828","1105.0212249332"
"0.090390809637828","1105.2028778474"
"0.091390809637828","1105.3839266977"
"0.092390809637828","1105.5644203249"
"0.093390809637828","1105.7444023365"
"0.094390809637828","1105.9239116705"
"0.095390809637828","1106.1029830985"
"0.096390809637828","1106.2816476741"
"0.097390809637828","1106.4599331327"
"0.098390809637828","1106.6378642483"
"0.099390809637828","1106.8154631511"
"0.10039080963783","1106.9927496121"
"0.10139080963783","1107.1697412951"
"0.10239080963783","1107.3464539835"
"0.10339080963783","1107.5229017811"
"0.10439080963783","1107.6990972919"
"0.10539080963783","1107.875051781"
"0.10639080963783","1108.0507753171"
"0.10739080963783","1108.2262769007"
"0.10839080963783","1108.4015645779"
"0.10939080963783","1108.5766455423"
"0.11039080963783","1108.7515262259"
"0.11139080963783","1108.9262123801"
"0.11239080963783","1109.1007091482"
"0.11339080963783","1109.2750211302"
"0.11439080963783","1109.4491524402"
"0.11539080963783","1109.6231067586"
"0.11639080963783","1109.7968873775"
"0.11739080963783","1109.9704972423"
"0.11839080963783","1110.1439389884"
"0.11939080963783","1110.3172149739"
"0.12039080963783","1110.490327309"
"0.12139080963783","1110.6632778823"
"0.12239080963783","1110.8360683842"
"0.12339080963783","1111.0087003278"
"0.12439080963783","1111.1811750676"
"0.12539080963783","1111.3534938163"
"0.12639080963783","1111.5256576598"
"0.12739080963783","1111.6976675703"
"0.12839080963783","1111.8695244185"
"0.12939080963783","1112.0412289843"
"0.13039080963783","1112.2127819663"
"0.13139080963783","1112.3841839902"
"0.13239080963783","1112.5554356166"
"0.13339080963783","1112.7265373478"
"0.13439080963783","1112.897489634"
"0.13539080963783","1113.0682928785"
"0.13639080963783","1113.2389474429"
"0.13739080963783","1113.4094536513"
"0.13839080963783","1113.5798117943"
"0.13939080963783","1113.7500221325"
"0.14039080963783","1113.9200848995"
"0.14139080963783","1114.0900003048"
"0.14239080963783","1114.2597685364"
"0.14339080963783","1114.429389763"
"0.14439080963783","1114.5988641359"
"0.14539080963783","1114.768191791"
"0.14639080963783","1114.9373728501"
"0.14739080963783","1115.1064074227"
"0.14839080963783","1115.2752956072"
"0.14939080963783","1115.4440374918"
"0.15039080963783","1115.6126331558"
"0.15139080963783","1115.7810826706"
"0.15239080963783","1115.9493861002"
"0.15339080963783","1116.1175435022"
"0.15439080963783","1116.2855549286"
"0.15539080963783","1116.4534204259"
"0.15639080963783","1116.6211400362"
"0.15739080963783","1116.7887137972"
"0.15839080963783","1116.956141743"
"0.15939080963783","1117.1234239044"
"0.16039080963783","1117.290560309"
"0.16139080963783","1117.4575509818"
"0.16239080963783","1117.6243959454"
"0.16339080963783","1117.7910952201"
"0.16439080963783","1117.9576488245"
"0.16539080963783","1118.1240567753"
"0.16639080963783","1118.2903190874"
"0.16739080963783","1118.4564357747"
"0.16839080963783","1118.6224068495"
"0.16939080963783","1118.7882323232"
"0.17039080963783","1118.9539122061"
"0.17139080963783","1119.1194465075"
"0.17239080963783","1119.284835236"
"0.17339080963783","1119.4500783993"
"0.17439080963783","1119.6151760046"
"0.17539080963783","1119.7801280585"
"0.17639080963783","1119.9449345669"
"0.17739080963783","1120.1095955354"
"0.17839080963783","1120.274110969"
"0.17939080963783","1120.4384808725"
"0.18039080963783","1120.6027052503"
"0.18139080963783","1120.7667841063"
"0.18239080963783","1120.9307174444"
"0.18339080963783","1121.094505268"
"0.18439080963783","1121.2581475804"
"0.18539080963783","1121.4216443847"
"0.18639080963783","1121.5849956838"
"0.18739080963783","1121.7482014804"
"0.18839080963783","1121.911261777"
"0.18939080963783","1122.0741765763"
"0.19039080963783","1122.2369458803"
"0.19139080963783","1122.3995696914"
"0.19239080963783","1122.5620480117"
"0.19339080963783","1122.7243808432"
"0.19439080963783","1122.8865681878"
"0.19539080963783","1123.0486100474"
"0.19639080963783","1123.2105064239"
"0.19739080963783","1123.372257319"
"0.19839080963783","1123.5338627343"
"0.19939080963783","1123.6953226716"
"0.20039080963783","1123.8566371325"
"0.20139080963783","1124.0178061184"
"0.20239080963783","1124.178829631"
"0.20339080963783","1124.3397076718"
"0.20439080963783","1124.5004402423"
"0.20539080963783","1124.6610273438"
"0.20639080963783","1124.8214689779"
"0.20739080963783","1124.9817651459"
"0.20839080963783","1125.1419158493"
"0.20939080963783","1125.3019210894"
"0.21039080963783","1125.4617808675"
"0.21139080963783","1125.621495185"
"0.21239080963783","1125.7810640433"
"0.21339080963783","1125.9404874436"
"0.21439080963783","1126.0997653873"
"0.21539080963783","1126.2588978756"
"0.21639080963783","1126.4178849099"
"0.21739080963783","1126.5767264915"
"0.21839080963783","1126.7354226215"
"0.21939080963783","1126.8939733013"
"0.22039080963783","1127.0523785322"
"0.22139080963783","1127.2106383154"
"0.22239080963783","1127.3687526521"
"0.22339080963783","1127.5267215436"
"0.22439080963783","1127.6845449911"
"0.22539080963783","1127.8422229959"
"0.22639080963783","1127.9997555592"
"0.22739080963783","1128.1571426822"
"0.22839080963783","1128.3143843662"
"0.22939080963783","1128.4714806124"
"0.23039080963783","1128.628431422"
"0.23139080963783","1128.7852367962"
"0.23239080963783","1128.9418967362"
"0.23339080963783","1129.0984112433"
"0.23439080963783","1129.2547803187"
"0.23539080963783","1129.4110039635"
"0.23639080963783","1129.567082179"
"0.23739080963783","1129.7230149663"
"0.23839080963783","1129.8788023268"
"0.23939080963783","1130.0344442615"
"0.24039080963783","1130.1899407717"
"0.24139080963783","1130.3452918586"
"0.24239080963783","1130.5004975234"
"0.24339080963783","1130.6555577672"
"0.24439080963783","1130.8104725913"
"0.24539080963783","1130.9652419968"
"0.24639080963783","1131.119865985"
"0.24739080963783","1131.274344557"
"0.24839080963783","1131.428677714"
"0.24939080963783","1131.5828654572"
"0.25039080963783","1131.7369077878"
"0.25139080963783","1131.8908047069"
"0.25239080963783","1132.0445562158"
"0.25339080963783","1132.1981623157"
"0.25439080963783","1132.3516230076"
"0.25539080963783","1132.5049382928"
"0.25639080963783","1132.6581081724"
"0.25739080963783","1132.8111326477"
"0.25839080963783","1132.9640117198"
"0.25939080963783","1133.1167453899"
"0.26039080963783","1133.2693336592"
"0.26139080963783","1133.4217765287"
"0.26239080963783","1133.5740739997"
"0.26339080963783","1133.7262260734"
"0.26439080963783","1133.8782327509"
"0.26539080963783","1134.0300940334"
"0.26639080963783","1134.1818099221"
"0.26739080963783","1134.3333804181"
"0.26839080963783","1134.4848055225"
"0.26939080963783","1134.6360852366"
"0.27039080963783","1134.7872195615"
"0.27139080963783","1134.9382084983"
"0.27239080963783","1135.0890520483"
"0.27339080963783","1135.2397502125"
"0.27439080963783","1135.3903029921"
"0.27539080963783","1135.5407103883"
"0.27639080963783","1135.6909724023"
"0.27739080963783","1135.8410890351"
"0.27839080963783","1135.991060288"
"0.27939080963783","1136.140886162"
"0.28039080963783","1136.2905666584"
"0.28139080963783","1136.4401017783"
"0.28239080963783","1136.5894915227"
"0.28339080963783","1136.738735893"
"0.28439080963783","1136.8878348901"
"0.28539080963783","1137.0367885154"
"0.28639080963783","1137.1855967698"
"0.28739080963783","1137.3342596545"
"0.28839080963783","1137.4827771708"
"0.28939080963783","1137.6311493196"
"0.29039080963783","1137.7793761022"
"0.29139080963783","1137.9274575197"
"0.29239080963783","1138.0753935732"
"0.29339080963783","1138.2231842638"
"0.29439080963783","1138.3708295928"
"0.29539080963783","1138.5183295611"
"0.29639080963783","1138.6656841701"
"0.29739080963783","1138.8128934207"
"0.29839080963783","1138.9599573141"
"0.29939080963783","1139.1068758514"
"0.30039080963783","1139.2536490338"
"0.30139080963783","1139.4002768624"
"0.30239080963783","1139.5467593383"
"0.30339080963783","1139.6930964626"
"0.30439080963783","1139.8392882365"
"0.30539080963783","1139.985334661"
"0.30639080963783","1140.1312357374"
"0.30739080963783","1140.2769914667"
"0.30839080963783","1140.4226018499"
"0.30939080963783","1140.5680668884"
"0.31039080963783","1140.7133865831"
"0.31139080963783","1140.8585609351"
"0.31239080963783","1141.0035899457"
"0.31339080963783","1141.1484736158"
"0.31439080963783","1141.2932119467"
"0.31539080963783","1141.4378049393"
"0.31639080963783","1141.5822525949"
"0.31739080963783","1141.7265549145"
"0.31839080963783","1141.8707118993"
"0.31939080963783","1142.0147235503"
"0.32039080963783","1142.1585898686"
"0.32139080963783","1142.3023108554"
"0.32239080963783","1142.4458865117"
"0.32339080963783","1142.5893168387"
"0.32439080963783","1142.7326018374"
"0.32539080963783","1142.875741509"
"0.32639080963783","1143.0187358545"
"0.32739080963783","1143.1615848751"
"0.32839080963783","1143.3042885718"
"0.32939080963783","1143.4468469457"
"0.33039080963783","1143.589259998"
"0.33139080963783","1143.7315277296"
"0.33239080963783","1143.8736501418"
"0.33339080963783","1144.0156272355"
"0.33439080963783","1144.1574590119"
"0.33539080963783","1144.2991454721"
"0.33639080963783","1144.4406866172"
"0.33739080963783","1144.5820824481"
"0.33839080963783","1144.7233329661"
"0.33939080963783","1144.8644381722"
"0.34039080963783","1145.0053980675"
"0.34139080963783","1145.146212653"
"0.34239080963783","1145.2868819299"
"0.34339080963783","1145.4274058992"
"0.34439080963783","1145.567784562"
"0.34539080963783","1145.7080179194"
"0.34639080963783","1145.8481059724"
"0.34739080963783","1145.9880487222"
"0.34839080963783","1146.1278461697"
"0.34939080963783","1146.2674983161"
"0.35039080963783","1146.4070051625"
"0.35139080963783","1146.5463667098"
"0.35239080963783","1146.6855829592"
"0.35339080963783","1146.8246539118"
"0.35439080963783","1146.9635795686"
"0.35539080963783","1147.1023599306"
"0.35639080963783","1147.240994999"
"0.35739080963783","1147.3794847747"
"0.35839080963783","1147.5178292589"
"0.35939080963783","1147.6560284527"
"0.36039080963783","1147.794082357"
"0.36139080963783","1147.9319909729"
"0.36239080963783","1148.0697543016"
"0.36339080963783","1148.207372344"
"0.36439080963783","1148.3448451012"
"0.36539080963783","1148.4821725742"
"0.36639080963783","1148.6193547642"
"0.36739080963783","1148.7563916721"
"0.36839080963783","1148.893283299"
"0.36939080963783","1149.030029646"
"0.37039080963783","1149.1666307141"
"0.37139080963783","1149.3030865043"
"0.37239080963783","1149.4393970178"
"0.37339080963783","1149.5755622555"
"0.37439080963783","1149.7115822184"
"0.37539080963783","1149.8474569077"
"0.37639080963783","1149.9831863244"
"0.37739080963783","1150.1187704695"
"0.37839080963783","1150.254209344"
"0.37939080963783","1150.3895029491"
"0.38039080963783","1150.5246512856"
"0.38139080963783","1150.6596543547"
"0.38239080963783","1150.7945121574"
"0.38339080963783","1150.9292246948"
"0.38439080963783","1151.0637919678"
"0.38539080963783","1151.1982139775"
"0.38639080963783","1151.3324907249"
"0.38739080963783","1151.4666222111"
"0.38839080963783","1151.600608437"
"0.38939080963783","1151.7344494038"
"0.39039080963783","1151.8681451123"
"0.39139080963783","1152.0016955638"
"0.39239080963783","1152.1351007591"
"0.39339080963783","1152.2683606994"
"0.39439080963783","1152.4014753855"
"0.39539080963783","1152.5344448186"
"0.39639080963783","1152.6672689997"
"0.39739080963783","1152.7999479297"
"0.39839080963783","1152.9324816098"
"0.39939080963783","1153.0648700408"
"0.40039080963783","1153.1971132239"
"0.40139080963783","1153.3292111601"
"0.40239080963783","1153.4611638503"
"0.40339080963783","1153.5929712955"
"0.40439080963783","1153.7246334968"
"0.40539080963783","1153.8561504553"
"0.40639080963783","1153.9875221718"
"0.40739080963783","1154.1187486474"
"0.40839080963783","1154.2498298831"
"0.40939080963783","1154.38076588"
"0.41039080963783","1154.5115566389"
"0.41139080963783","1154.642202161"
"0.41239080963783","1154.7727024472"
"0.41339080963783","1154.9030574985"
"0.41439080963783","1155.0332673159"
"0.41539080963783","1155.1633319004"
"0.41639080963783","1155.2932512531"
"0.41739080963783","1155.4230253748"
"0.41839080963783","1155.5526542667"
"0.41939080963783","1155.6821379296"
"0.42039080963783","1155.8114763647"
"0.42139080963783","1155.9406695728"
"0.42239080963783","1156.069717555"
"0.42339080963783","1156.1986203123"
"0.42439080963783","1156.3273778456"
"0.42539080963783","1156.4559901559"
"0.42639080963783","1156.5844572443"
"0.42739080963783","1156.7127791117"
"0.42839080963783","1156.840955759"
"0.42939080963783","1156.9689871873"
"0.43039080963783","1157.0968733976"
"0.43139080963783","1157.2246143908"
"0.43239080963783","1157.352210168"
"0.43339080963783","1157.47966073"
"0.43439080963783","1157.6069660779"
"0.43539080963783","1157.7341262126"
"0.43639080963783","1157.8611411351"
"0.43739080963783","1157.9880108464"
"0.43839080963783","1158.1147353475"
"0.43939080963783","1158.2413146394"
"0.44039080963783","1158.3677487229"
"0.44139080963783","1158.4940375991"
"0.44239080963783","1158.620181269"
"0.44339080963783","1158.7461797334"
"0.44439080963783","1158.8720329935"
"0.44539080963783","1158.99774105"
"0.44639080963783","1159.1233039041"
"0.44739080963783","1159.2487215566"
"0.44839080963783","1159.3739940086"
"0.44939080963783","1159.499121261"
"0.45039080963783","1159.6241033147"
"0.45139080963783","1159.7489401707"
"0.45239080963783","1159.8736318299"
"0.45339080963783","1159.9981782934"
"0.45439080963783","1160.1225795621"
"0.45539080963783","1160.2468356368"
"0.45639080963783","1160.3709465187"
"0.45739080963783","1160.4949122086"
"0.45839080963783","1160.6187327075"
"0.45939080963783","1160.7424080162"
"0.46039080963783","1160.8659381359"
"0.46139080963783","1160.9893230674"
"0.46239080963783","1161.1125628117"
"0.46339080963783","1161.2356573696"
"0.46439080963783","1161.3586067423"
"0.46539080963783","1161.4814109305"
"0.46639080963783","1161.6040699353"
"0.46739080963783","1161.7265837575"
"0.46839080963783","1161.8489523982"
"0.46939080963783","1161.9711758582"
"0.47039080963783","1162.0932541386"
"0.47139080963783","1162.2151872401"
"0.47239080963783","1162.3369751639"
"0.47339080963783","1162.4586179107"
"0.47439080963783","1162.5801154816"
"0.47539080963783","1162.7014678774"
"0.47639080963783","1162.8226750991"
"0.47739080963783","1162.9437371476"
"0.47839080963783","1163.0646540239"
"0.47939080963783","1163.1854257289"
"0.48039080963783","1163.3060522635"
"0.48139080963783","1163.4265336286"
"0.48239080963783","1163.5468698251"
"0.48339080963783","1163.6670608541"
"0.48439080963783","1163.7871067163"
"0.48539080963783","1163.9070074127"
"0.48639080963783","1164.0267629443"
"0.48739080963783","1164.146373312"
"0.48839080963783","1164.2658385166"
"0.48939080963783","1164.3851585591"
"0.49039080963783","1164.5043334404"
"0.49139080963783","1164.6233631614"
"0.49239080963783","1164.742247723"
"0.49339080963783","1164.8609871262"
"0.49439080963783","1164.9795813718"
"0.49539080963783","1165.0980304608"
"0.49639080963783","1165.2163343941"
"0.49739080963783","1165.3344931725"
"0.49839080963783","1165.452506797"
"0.49939080963783","1165.5703752685"
"0.50039080963783","1165.6880985879"
"0.50139080963783","1165.805676756"
"0.50239080963783","1165.9231097739"
"0.50339080963783","1166.0403976424"
"0.50439080963783","1166.1575403623"
"0.50539080963783","1166.2745379347"
"0.50639080963783","1166.3913903603"
"0.50739080963783","1166.5080976401"
"0.50839080963783","1166.624659775"
"0.50939080963783","1166.7410767658"
"0.51039080963783","1166.8573486136"
"0.51139080963783","1166.973475319"
"0.51239080963783","1167.0894568832"
"0.51339080963783","1167.2052933068"
"0.51439080963783","1167.3209845909"
"0.51539080963783","1167.4365307363"
"0.51639080963783","1167.5519317439"
"0.51739080963783","1167.6671876146"
"0.51839080963783","1167.7822983492"
"0.51939080963783","1167.8972639487"
"0.52039080963783","1168.0120844139"
"0.52139080963783","1168.1267597458"
"0.52239080963783","1168.2412899451"
"0.52339080963783","1168.3556750128"
"0.52439080963783","1168.4699149497"
"0.52539080963783","1168.5840097567"
"0.52639080963783","1168.6979594348"
"0.52739080963783","1168.8117639847"
"0.52839080963783","1168.9254234074"
"0.52939080963783","1169.0389377036"
"0.53039080963783","1169.1523068744"
"0.53139080963783","1169.2655309205"
"0.53239080963783","1169.3786098428"
"0.53339080963783","1169.4915436422"
"0.53439080963783","1169.6043323196"
"0.53539080963783","1169.7169758758"
"0.53639080963783","1169.8294743116"
"0.53739080963783","1169.9418276281"
"0.53839080963783","1170.0540358259"
"0.53939080963783","1170.166098906"
"0.54039080963783","1170.2780168692"
"0.54139080963783","1170.3897897164"
"0.54239080963783","1170.5014174484"
"0.54339080963783","1170.6129000662"
"0.54439080963783","1170.7242375705"
"0.54539080963783","1170.8354299622"
"0.54639080963783","1170.9464772422"
"0.54739080963783","1171.0573794112"
"0.54839080963783","1171.1681364703"
"0.54939080963783","1171.2787484201"
"0.55039080963783","1171.3892152616"
"0.55139080963783","1171.4995369957"
"0.55239080963783","1171.609713623"
"0.55339080963783","1171.7197451446"
"0.55439080963783","1171.8296315612"
"0.55539080963783","1171.9393728737"
"0.55639080963783","1172.0489690829"
"0.55739080963783","1172.1584201897"
"0.55839080963783","1172.2677261949"
"0.55939080963783","1172.3768870994"
"0.56039080963783","1172.4859029039"
"0.56139080963783","1172.5947736093"
"0.56239080963783","1172.7034992165"
"0.56339080963783","1172.8120797263"
"0.56439080963783","1172.9205151395"
"0.56539080963783","1173.028805457"
"0.56639080963783","1173.1369506795"
"0.56739080963783","1173.2449508079"
"0.56839080963783","1173.3528058431"
"0.56939080963783","1173.4605157859"
"0.57039080963783","1173.568080637"
"0.57139080963783","1173.6755003974"
"0.57239080963783","1173.7827750678"
"0.57339080963783","1173.8899046491"
"0.57439080963783","1173.996889142"
"0.57539080963783","1174.1037285475"
"0.57639080963783","1174.2104228663"
"0.57739080963783","1174.3169720992"
"0.57839080963783","1174.4233762471"
"0.57939080963783","1174.5296353108"
"0.58039080963783","1174.6357492911"
"0.58139080963783","1174.7417181888"
"0.58239080963783","1174.8475420047"
"0.58339080963783","1174.9532207396"
"0.58439080963783","1175.0587543944"
"0.58539080963783","1175.1641429698"
"0.58639080963783","1175.2693864667"
"0.58739080963783","1175.3744848859"
"0.58839080963783","1175.4794382281"
"0.58939080963783","1175.5842464942"
"0.59039080963783","1175.688909685"
"0.59139080963783","1175.7934278013"
"0.59239080963783","1175.8978008439"
"0.59339080963783","1176.0020288135"
"0.59439080963783","1176.1061117111"
"0.59539080963783","1176.2100495373"
"0.59639080963783","1176.3138422931"
"0.59739080963783","1176.4174899791"
"0.59839080963783","1176.5209925961"
"0.59939080963783","1176.6243501451"
"0.60039080963783","1176.7275626267"
"0.60139080963783","1176.8306300418"
"0.60239080963783","1176.9335523911"
"0.60339080963783","1177.0363296754"
"0.60439080963783","1177.1389618956"
"0.60539080963783","1177.2414490524"
"0.60639080963783","1177.3437911466"
"0.60739080963783","1177.445988179"
"0.60839080963783","1177.5480401503"
"0.60939080963783","1177.6499470614"
"0.61039080963783","1177.751708913"
"0.61139080963783","1177.8533257059"
"0.61239080963783","1177.954797441"
"0.61339080963783","1178.0561241188"
"0.61439080963783","1178.1573057404"
"0.61539080963783","1178.2583423064"
"0.61639080963783","1178.3592338175"
"0.61739080963783","1178.4599802747"
"0.61839080963783","1178.5605816786"
"0.61939080963783","1178.66103803"
"0.62039080963783","1178.7613493297"
"0.62139080963783","1178.8615155784"
"0.62239080963783","1178.961536777"
"0.62339080963783","1179.0614129262"
"0.62439080963783","1179.1611440267"
"0.62539080963783","1179.2607300794"
"0.62639080963783","1179.360171085"
"0.62739080963783","1179.4594670442"
"0.62839080963783","1179.5586179578"
"0.62939080963783","1179.6576238266"
"0.63039080963783","1179.7564846514"
"0.63139080963783","1179.8552004328"
"0.63239080963783","1179.9537711717"
"0.63339080963783","1180.0521968689"
"0.63439080963783","1180.1504775249"
"0.63539080963783","1180.2486131407"
"0.63639080963783","1180.346603717"
"0.63739080963783","1180.4444492545"
"0.63839080963783","1180.542149754"
"0.63939080963783","1180.6397052162"
"0.64039080963783","1180.7371156418"
"0.64139080963783","1180.8343810317"
"0.64239080963783","1180.9315013866"
"0.64339080963783","1181.0284767072"
"0.64439080963783","1181.1253069942"
"0.64539080963783","1181.2219922485"
"0.64639080963783","1181.3185324706"
"0.64739080963783","1181.4149276615"
"0.64839080963783","1181.5111778218"
"0.64939080963783","1181.6072829523"
"0.65039080963783","1181.7032430536"
"0.65139080963783","1181.7990581266"
"0.65239080963783","1181.894728172"
"0.65339080963783","1181.9902531905"
"0.65439080963783","1182.0856331828"
"0.65539080963783","1182.1808681497"
"0.65639080963783","1182.2759580919"
"0.65739080963783","1182.3709030101"
"0.65839080963783","1182.4657029051"
"0.65939080963783","1182.5603577776"
"0.66039080963783","1182.6548676283"
"0.66139080963783","1182.7492324579"
"0.66239080963783","1182.8434522672"
"0.66339080963783","1182.9375270569"
"0.66439080963783","1183.0314568277"
"0.66539080963783","1183.1252415804"
"0.66639080963783","1183.2188813156"
"0.66739080963783","1183.312376034"
"0.66839080963783","1183.4057257365"
"0.66939080963783","1183.4989304237"
"0.67039080963783","1183.5919900963"
"0.67139080963783","1183.684904755"
"0.67239080963783","1183.7776744006"
"0.67339080963783","1183.8702990337"
"0.67439080963783","1183.9627786551"
"0.67539080963783","1184.0551132655"
"0.67639080963783","1184.1473028656"
"0.67739080963783","1184.2393474561"
"0.67839080963783","1184.3312470377"
"0.67939080963783","1184.4230016111"
"0.68039080963783","1184.514611177"
"0.68139080963783","1184.6060757362"
"0.68239080963783","1184.6973952893"
"0.68339080963783","1184.788569837"
"0.68439080963783","1184.87959938"
"0.68539080963783","1184.970483919"
"0.68639080963783","1185.0612234548"
"0.68739080963783","1185.151817988"
"0.68839080963783","1185.2422675193"
"0.68939080963783","1185.3325720494"
"0.69039080963783","1185.422731579"
"0.69139080963783","1185.5127461088"
"0.69239080963783","1185.6026156395"
"0.69339080963783","1185.6923401718"
"0.69439080963783","1185.7819197063"
"0.69539080963783","1185.8713542438"
"0.69639080963783","1185.960643785"
"0.69739080963783","1186.0497883304"
"0.69839080963783","1186.1387878809"
"0.69939080963783","1186.227642437"
"0.70039080963783","1186.3163519996"
"0.70139080963783","1186.4049165692"
"0.70239080963783","1186.4933361465"
"0.70339080963783","1186.5816107322"
"0.70439080963783","1186.6697403271"
"0.70539080963783","1186.7577249317"
"0.70639080963783","1186.8455645467"
"0.70739080963783","1186.9332591729"
"0.70839080963783","1187.0208088109"
"0.70939080963783","1187.1082134614"
"0.71039080963783","1187.1954731249"
"0.71139080963783","1187.2825878023"
"0.71239080963783","1187.3695574942"
"0.71339080963783","1187.4563822013"
"0.71439080963783","1187.5430619241"
"0.71539080963783","1187.6295966634"
"0.71639080963783","1187.7159864199"
"0.71739080963783","1187.8022311942"
"0.71839080963783","1187.8883309869"
"0.71939080963783","1187.9742857988"
"0.72039080963783","1188.0600956304"
"0.72139080963783","1188.1457604826"
"0.72239080963783","1188.2312803558"
"0.72339080963783","1188.3166552508"
"0.72439080963783","1188.4018851682"
"0.72539080963783","1188.4869701087"
"0.72639080963783","1188.571910073"
"0.72739080963783","1188.6567050616"
"0.72839080963783","1188.7413550753"
"0.72939080963783","1188.8258601146"
"0.73039080963783","1188.9102201803"
"0.73139080963783","1188.994435273"
"0.73239080963783","1189.0785053933"
"0.73339080963783","1189.1624305418"
"0.73439080963783","1189.2462107193"
"0.73539080963783","1189.3298459264"
"0.73639080963783","1189.4133361637"
"0.73739080963783","1189.4966814318"
"0.73839080963783","1189.5798817314"
"0.73939080963783","1189.6629370631"
"0.74039080963783","1189.7458474277"
"0.74139080963783","1189.8286128256"
"0.74239080963783","1189.9112332575"
"0.74339080963783","1189.9937087242"
"0.74439080963783","1190.0760392261"
"0.74539080963783","1190.158224764"
"0.74639080963783","1190.2402653385"
"0.74739080963783","1190.3221609502"
"0.74839080963783","1190.4039115997"
"0.74939080963783","1190.4855172876"
"0.75039080963783","1190.5669780147"
"0.75139080963783","1190.6482937815"
"0.75239080963783","1190.7294645886"
"0.75339080963783","1190.8104904367"
"0.75439080963783","1190.8913713264"
"0.75539080963783","1190.9721072583"
"0.75639080963783","1191.052698233"
"0.75739080963783","1191.1331442512"
"0.75839080963783","1191.2134453134"
"0.75939080963783","1191.2936014203"
"0.76039080963783","1191.3736125726"
"0.76139080963783","1191.4534787707"
"0.76239080963783","1191.5332000154"
"0.76339080963783","1191.6127763072"
"0.76439080963783","1191.6922076468"
"0.76539080963783","1191.7714940347"
"0.76639080963783","1191.8506354717"
"0.76739080963783","1191.9296319582"
"0.76839080963783","1192.0084834949"
"0.76939080963783","1192.0871900824"
"0.77039080963783","1192.1657517213"
"0.77139080963783","1192.2441684122"
"0.77239080963783","1192.3224401557"
"0.77339080963783","1192.4005669525"
"0.77439080963783","1192.478548803"
"0.77539080963783","1192.556385708"
"0.77639080963783","1192.6340776679"
"0.77739080963783","1192.7116246835"
"0.77839080963783","1192.7890267553"
"0.77939080963783","1192.8662838839"
"0.78039080963783","1192.9433960699"
"0.78139080963783","1193.0203633139"
"0.78239080963783","1193.0971856165"
"0.78339080963783","1193.1738629782"
"0.78439080963783","1193.2503953997"
"0.78539080963783","1193.3267828815"
"0.78639080963783","1193.4030254243"
"0.78739080963783","1193.4791230286"
"0.78839080963783","1193.555075695"
"0.78939080963783","1193.6308834241"
"0.79039080963783","1193.7065462165"
"0.79139080963783","1193.7820640728"
"0.79239080963783","1193.8574369934"
"0.79339080963783","1193.9326649791"
"0.79439080963783","1194.0077480304"
"0.79539080963783","1194.0826861479"
"0.79639080963783","1194.1574793321"
"0.79739080963783","1194.2321275837"
"0.79839080963783","1194.3066309031"
"0.79939080963783","1194.3809892911"
"0.80039080963783","1194.4552027481"
"0.80139080963783","1194.5292712746"
"0.80239080963783","1194.6031948714"
"0.80339080963783","1194.676973539"
"0.80439080963783","1194.7506072778"
"0.80539080963783","1194.8240960886"
"0.80639080963783","1194.8974399718"
"0.80739080963783","1194.970638928"
"0.80839080963783","1195.0436929579"
"0.80939080963783","1195.1166020618"
"0.81039080963783","1195.1893662405"
"0.81139080963783","1195.2619854944"
"0.81239080963783","1195.3344598242"
"0.81339080963783","1195.4067892304"
"0.81439080963783","1195.4789737134"
"0.81539080963783","1195.551013274"
"0.81639080963783","1195.6229079127"
"0.81739080963783","1195.6946576299"
"0.81839080963783","1195.7662624263"
"0.81939080963783","1195.8377223024"
"0.82039080963783","1195.9090372588"
"0.82139080963783","1195.980207296"
"0.82239080963783","1196.0512324145"
"0.82339080963783","1196.1221126149"
"0.82439080963783","1196.1928478978"
"0.82539080963783","1196.2634382637"
"0.82639080963783","1196.3338837131"
"0.82739080963783","1196.4041842465"
"0.82839080963783","1196.4743398646"
"0.82939080963783","1196.5443505679"
"0.83039080963783","1196.6142163569"
"0.83139080963783","1196.683937232"
"0.83239080963783","1196.753513194"
"0.83339080963783","1196.8229442433"
"0.83439080963783","1196.8922303804"
"0.83539080963783","1196.9613716059"
"0.83639080963783","1197.0303679203"
"0.83739080963783","1197.0992193241"
"0.83839080963783","1197.1679258179"
"0.83939080963783","1197.2364874022"
"0.84039080963783","1197.3049040776"
"0.84139080963783","1197.3731758445"
"0.84239080963783","1197.4413027034"
"0.84339080963783","1197.509284655"
"0.84439080963783","1197.5771216997"
"0.84539080963783","1197.6448138381"
"0.84639080963783","1197.7123610706"
"0.84739080963783","1197.7797633978"
"0.84839080963783","1197.8470208203"
"0.84939080963783","1197.9141333384"
"0.85039080963783","1197.9811009528"
"0.85139080963783","1198.047923664"
"0.85239080963783","1198.1146014725"
"0.85339080963783","1198.1811343787"
"0.85439080963783","1198.2475223833"
"0.85539080963783","1198.3137654866"
"0.85639080963783","1198.3798636893"
"0.85739080963783","1198.4458169918"
"0.85839080963783","1198.5116253947"
"0.85939080963783","1198.5772888984"
"0.86039080963783","1198.6428075035"
"0.86139080963783","1198.7081812104"
"0.86239080963783","1198.7734100197"
"0.86339080963783","1198.8384939319"
"0.86439080963783","1198.9034329474"
"0.86539080963783","1198.9682270669"
"0.86639080963783","1199.0328762906"
"0.86739080963783","1199.0973806193"
"0.86839080963783","1199.1617400533"
"0.86939080963783","1199.2259545932"
"0.87039080963783","1199.2900242394"
"0.87139080963783","1199.3539489925"
"0.87239080963783","1199.4177288529"
"0.87339080963783","1199.4813638211"
"0.87439080963783","1199.5448538977"
"0.87539080963783","1199.6081990831"
"0.87639080963783","1199.6713993778"
"0.87739080963783","1199.7344547823"
"0.87839080963783","1199.797365297"
"0.87939080963783","1199.8601309226"
"0.88039080963783","1199.9227516593"
"0.88139080963783","1199.9852275078"
"0.88239080963783","1200.0475584685"
"0.88339080963783","1200.1097445419"
"0.88439080963783","1200.1717857285"
"0.88539080963783","1200.2336820287"
"0.88639080963783","1200.295433443"
"0.88739080963783","1200.3570399719"
"0.88839080963783","1200.418501616"
"0.88939080963783","1200.4798183755"
"0.89039080963783","1200.5409902511"
"0.89139080963783","1200.6020172432"
"0.89239080963783","1200.6628993522"
"0.89339080963783","1200.7236365787"
"0.89439080963783","1200.7842289231"
"0.89539080963783","1200.8446763859"
"0.89639080963783","1200.9049789675"
"0.89739080963783","1200.9651366684"
"0.89839080963783","1201.0251494891"
"0.89939080963783","1201.08501743"
"0.90039080963783","1201.1447404916"
"0.90139080963783","1201.2043186743"
"0.90239080963783","1201.2637519787"
"0.90339080963783","1201.3230404051"
"0.90439080963783","1201.3821839541"
"0.90539080963783","1201.441182626"
"0.90639080963783","1201.5000364214"
"0.90739080963783","1201.5587453407"
"0.90839080963783","1201.6173093843"
"0.90939080963783","1201.6757285527"
"0.91039080963783","1201.7340028464"
"0.91139080963783","1201.7921322658"
"0.91239080963783","1201.8501168113"
"0.91339080963783","1201.9079564835"
"0.91439080963783","1201.9656512827"
"0.91539080963783","1202.0232012093"
"0.91639080963783","1202.0806062639"
"0.91739080963783","1202.1378664469"
"0.91839080963783","1202.1949817587"
"0.91939080963783","1202.2519521997"
"0.92039080963783","1202.3087777705"
"0.92139080963783","1202.3654584714"
"0.92239080963783","1202.4219943029"
"0.92339080963783","1202.4783852653"
"0.92439080963783","1202.5346313593"
"0.92539080963783","1202.5907325851"
"0.92639080963783","1202.6466889432"
"0.92739080963783","1202.7025004341"
"0.92839080963783","1202.7581670581"
"0.92939080963783","1202.8136888158"
"0.93039080963783","1202.8690657075"
"0.93139080963783","1202.9242977337"
"0.93239080963783","1202.9793848947"
"0.93339080963783","1203.0343271911"
"0.93439080963783","1203.0891246232"
"0.93539080963783","1203.1437771915"
"0.93639080963783","1203.1982848964"
"0.93739080963783","1203.2526477383"
"0.93839080963783","1203.3068657176"
"0.93939080963783","1203.3609388348"
"0.94039080963783","1203.4148670902"
"0.94139080963783","1203.4686504843"
"0.94239080963783","1203.5222890176"
"0.94339080963783","1203.5757826903"
"0.94439080963783","1203.629131503"
"0.94539080963783","1203.6823354559"
"0.94639080963783","1203.7353945497"
"0.94739080963783","1203.7883087846"
"0.94839080963783","1203.8410781611"
"0.94939080963783","1203.8937026795"
"0.95039080963783","1203.9461823404"
"0.95139080963783","1203.998517144"
"0.95239080963783","1204.0507070909"
"0.95339080963783","1204.1027521813"
"0.95439080963783","1204.1546524157"
"0.95539080963783","1204.2064077945"
"0.95639080963783","1204.2580183182"
"0.95739080963783","1204.309483987"
"0.95839080963783","1204.3608048015"
"0.95939080963783","1204.4119807619"
"0.96039080963783","1204.4630118687"
"0.96139080963783","1204.5138981223"
"0.96239080963783","1204.5646395231"
"0.96339080963783","1204.6152360715"
"0.96439080963783","1204.6656877679"
"0.96539080963783","1204.7159946126"
"0.96639080963783","1204.766156606"
"0.96739080963783","1204.8161737486"
"0.96839080963783","1204.8660460407"
"0.96939080963783","1204.9157734827"
"0.97039080963783","1204.965356075"
"0.97139080963783","1205.0147938179"
"0.97239080963783","1205.064086712"
"0.97339080963783","1205.1132347574"
"0.97439080963783","1205.1622379547"
"0.97539080963783","1205.2110963042"
"0.97639080963783","1205.2598098063"
"0.97739080963783","1205.3083784613"
"0.97839080963783","1205.3568022696"
"0.97939080963783","1205.4050812317"
"0.98039080963783","1205.4532153478"
"0.98139080963783","1205.5012046184"
"0.98239080963783","1205.5490490438"
"0.98339080963783","1205.5967486244"
"0.98439080963783","1205.6443033606"
"0.98539080963783","1205.6917132527"
"0.98639080963783","1205.7389783011"
"0.98739080963783","1205.7860985062"
"0.98839080963783","1205.8330738683"
"0.98939080963783","1205.8799043878"
"0.99039080963783","1205.926590065"
"0.99139080963783","1205.9731309004"
"0.99239080963783","1206.0195268943"
"0.99339080963783","1206.065778047"
"0.99439080963783","1206.1118843589"
"0.99539080963783","1206.1578458303"
"0.99639080963783","1206.2036624617"
"0.99739080963783","1206.2493342533"
"0.99839080963783","1206.2948612056"
"0.99939080963783","1206.3402433188"
"1.0003908096378","1206.3854805933"
"1.0013908096378","1206.4305730296"
"1.0023908096378","1206.4755206278"
"1.0033908096378","1206.5203233884"
"1.0043908096378","1206.5649813118"
"1.0053908096378","1206.6094943982"
"1.0063908096378","1206.653862648"
"1.0073908096378","1206.6980860616"
"1.0083908096378","1206.7421646393"
"1.0093908096378","1206.7860983815"
"1.0103908096378","1206.8298872884"
"1.0113908096378","1206.8735313604"
"1.0123908096378","1206.9170305979"
"1.0133908096378","1206.9603850013"
"1.0143908096378","1207.0035945707"
"1.0153908096378","1207.0466593066"
"1.0163908096378","1207.0895792093"
"1.0173908096378","1207.1323542792"
"1.0183908096378","1207.1749845165"
"1.0193908096378","1207.2174699217"
"1.0203908096378","1207.2598104949"
"1.0213908096378","1207.3020062367"
"1.0223908096378","1207.3440571472"
"1.0233908096378","1207.3859632268"
"1.0243908096378","1207.4277244759"
"1.0253908096378","1207.4693408947"
"1.0263908096378","1207.5108124837"
"1.0273908096378","1207.552139243"
"1.0283908096378","1207.5933211731"
"1.0293908096378","1207.6343582742"
"1.0303908096378","1207.6752505467"
"1.0313908096378","1207.7159979909"
"1.0323908096378","1207.7566006071"
"1.0333908096378","1207.7970583956"
"1.0343908096378","1207.8373713567"
"1.0353908096378","1207.8775394908"
"1.0363908096378","1207.9175627982"
"1.0373908096378","1207.9574412791"
"1.0383908096378","1207.9971749339"
"1.0393908096378","1208.0367637629"
"1.0403908096378","1208.0762077664"
"1.0413908096378","1208.1155069447"
"1.0423908096378","1208.1546612981"
"1.0433908096378","1208.193670827"
"1.0443908096378","1208.2325355315"
"1.0453908096378","1208.2712554121"
"1.0463908096378","1208.309830469"
"1.0473908096378","1208.3482607025"
"1.0483908096378","1208.3865461129"
"1.0493908096378","1208.4246867006"
"1.0503908096378","1208.4626824658"
"1.0513908096378","1208.5005334087"
"1.0523908096378","1208.5382395298"
"1.0533908096378","1208.5758008293"
"1.0543908096378","1208.6132173075"
"1.0553908096378","1208.6504889647"
"1.0563908096378","1208.6876158011"
"1.0573908096378","1208.7245978172"
"1.0583908096378","1208.761435013"
"1.0593908096378","1208.798127389"
"1.0603908096378","1208.8346749455"
"1.0613908096378","1208.8710776826"
"1.0623908096378","1208.9073356007"
"1.0633908096378","1208.9434487002"
"1.0643908096378","1208.9794169811"
"1.0653908096378","1209.0152404439"
"1.0663908096378","1209.0509190889"
"1.0673908096378","1209.0864529162"
"1.0683908096378","1209.1218419262"
"1.0693908096378","1209.1570861191"
"1.0703908096378","1209.1921854953"
"1.0713908096378","1209.2271400549"
"1.0723908096378","1209.2619497984"
"1.0733908096378","1209.2966147258"
"1.0743908096378","1209.3311348376"
"1.0753908096378","1209.365510134"
"1.0763908096378","1209.3997406152"
"1.0773908096378","1209.4338262815"
"1.0783908096378","1209.4677671333"
"1.0793908096378","1209.5015631706"
"1.0803908096378","1209.5352143939"
"1.0813908096378","1209.5687208034"
"1.0823908096378","1209.6020823992"
"1.0833908096378","1209.6352991818"
"1.0843908096378","1209.6683711514"
"1.0853908096378","1209.7012983081"
"1.0863908096378","1209.7340806524"
"1.0873908096378","1209.7667181843"
"1.0883908096378","1209.7992109042"
"1.0893908096378","1209.8315588124"
"1.0903908096378","1209.8637619091"
"1.0913908096378","1209.8958201945"
"1.0923908096378","1209.9277336689"
"1.0933908096378","1209.9595023325"
"1.0943908096378","1209.9911261857"
"1.0953908096378","1210.0226052286"
"1.0963908096378","1210.0539394614"
"1.0973908096378","1210.0851288845"
"1.0983908096378","1210.1161734981"
"1.0993908096378","1210.1470733023"
"1.1003908096378","1210.1778282976"
"1.1013908096378","1210.208438484"
"1.1023908096378","1210.2389038619"
"1.1033908096378","1210.2692244315"
"1.1043908096378","1210.2994001929"
"1.1053908096378","1210.3294311465"
"1.1063908096378","1210.3593172926"
"1.1073908096378","1210.3890586312"
"1.1083908096378","1210.4186551627"
"1.1093908096378","1210.4481068872"
"1.1103908096378","1210.4774138051"
"1.1113908096378","1210.5065759166"
"1.1123908096378","1210.5355932218"
"1.1133908096378","1210.564465721"
"1.1143908096378","1210.5931934144"
"1.1153908096378","1210.6217763023"
"1.1163908096378","1210.6502143849"
"1.1173908096378","1210.6785076624"
"1.1183908096378","1210.706656135"
"1.1193908096378","1210.7346598029"
"1.1203908096378","1210.7625186665"
"1.1213908096378","1210.7902327258"
"1.1223908096378","1210.8178019811"
"1.1233908096378","1210.8452264326"
"1.1243908096378","1210.8725060806"
"1.1253908096378","1210.8996409252"
"1.1263908096378","1210.9266309666"
"1.1273908096378","1210.9534762052"
"1.1283908096378","1210.980176641"
"1.1293908096378","1211.0067322743"
"1.1303908096378","1211.0331431054"
"1.1313908096378","1211.0594091343"
"1.1323908096378","1211.0855303614"
"1.1333908096378","1211.1115067868"
"1.1343908096378","1211.1373384107"
"1.1353908096378","1211.1630252333"
"1.1363908096378","1211.1885672549"
"1.1373908096378","1211.2139644756"
"1.1383908096378","1211.2392168957"
"1.1393908096378","1211.2643245153"
"1.1403908096378","1211.2892873346"
"1.1413908096378","1211.3141053539"
"1.1423908096378","1211.3387785733"
"1.1433908096378","1211.363306993"
"1.1443908096378","1211.3876906132"
"1.1453908096378","1211.4119294341"
"1.1463908096378","1211.4360234559"
"1.1473908096378","1211.4599726788"
"1.1483908096378","1211.483777103"
"1.1493908096378","1211.5074367287"
"1.1503908096378","1211.530951556"
"1.1513908096378","1211.5543215851"
"1.1523908096378","1211.5775468163"
"1.1533908096378","1211.6006272497"
"1.1543908096378","1211.6235628854"
"1.1553908096378","1211.6463537238"
"1.1563908096378","1211.6689997648"
"1.1573908096378","1211.6915010089"
"1.1583908096378","1211.713857456"
"1.1593908096378","1211.7360691064"
"1.1603908096378","1211.7581359603"
"1.1613908096378","1211.7800580178"
"1.1623908096378","1211.8018352791"
"1.1633908096378","1211.8234677444"
"1.1643908096378","1211.8449554138"
"1.1653908096378","1211.8662982876"
"1.1663908096378","1211.8874963659"
"1.1673908096378","1211.9085496488"
"1.1683908096378","1211.9294581366"
"1.1693908096378","1211.9502218293"
"1.1703908096378","1211.9708407272"
"1.1713908096378","1211.9913148305"
"1.1723908096378","1212.0116441392"
"1.1733908096378","1212.0318286536"
"1.1743908096378","1212.0518683738"
"1.1753908096378","1212.0717632999"
"1.1763908096378","1212.0915134322"
"1.1773908096378","1212.1111187708"
"1.1783908096378","1212.1305793158"
"1.1793908096378","1212.1498950674"
"1.1803908096378","1212.1690660257"
"1.1813908096378","1212.188092191"
"1.1823908096378","1212.2069735633"
"1.1833908096378","1212.2257101428"
"1.1843908096378","1212.2443019297"
"1.1853908096378","1212.2627489241"
"1.1863908096378","1212.2810511261"
"1.1873908096378","1212.2992085359"
"1.1883908096378","1212.3172211537"
"1.1893908096378","1212.3350889795"
"1.1903908096378","1212.3528120136"
"1.1913908096378","1212.370390256"
"1.1923908096378","1212.387823707"
"1.1933908096378","1212.4051123666"
"1.1943908096378","1212.422256235"
"1.1953908096378","1212.4392553123"
"1.1963908096378","1212.4561095987"
"1.1973908096378","1212.4728190943"
"1.1983908096378","1212.4893837992"
"1.1993908096378","1212.5058037136"
"1.2003908096378","1212.5220788376"
"1.2013908096378","1212.5382091713"
"1.2023908096378","1212.5541947149"
"1.2033908096378","1212.5700354685"
"1.2043908096378","1212.5857314322"
"1.2053908096378","1212.6012826061"
"1.2063908096378","1212.6166889904"
"1.2073908096378","1212.6319505852"
"1.2083908096378","1212.6470673905"
"1.2093908096378","1212.6620394067"
"1.2103908096378","1212.6768666337"
"1.2113908096378","1212.6915490716"
"1.2123908096378","1212.7060867207"
"1.2133908096378","1212.720479581"
"1.2143908096378","1212.7347276526"
"1.2153908096378","1212.7488309357"
"1.2163908096378","1212.7627894303"
"1.2173908096378","1212.7766031366"
"1.2183908096378","1212.7902720546"
"1.2193908096378","1212.8037961846"
"1.2203908096378","1212.8171755266"
"1.2213908096378","1212.8304100807"
"1.2223908096378","1212.843499847"
"1.2233908096378","1212.8564448257"
"1.2243908096378","1212.8692450168"
"1.2253908096378","1212.8819004204"
"1.2263908096378","1212.8944110367"
"1.2273908096378","1212.9067768657"
"1.2283908096378","1212.9189979076"
"1.2293908096378","1212.9310741624"
"1.2303908096378","1212.9430056303"
"1.2313908096378","1212.9547923113"
"1.2323908096378","1212.9664342056"
"1.2333908096378","1212.9779313132"
"1.2343908096378","1212.9892836342"
"1.2353908096378","1213.0004911687"
"1.2363908096378","1213.0115539169"
"1.2373908096378","1213.0224718788"
"1.2383908096378","1213.0332450545"
"1.2393908096378","1213.0438734441"
"1.2403908096378","1213.0543570476"
"1.2413908096378","1213.0646958652"
"1.2423908096378","1213.074889897"
"1.2433908096378","1213.084939143"
"1.2443908096378","1213.0948436033"
"1.2453908096378","1213.104603278"
"1.2463908096378","1213.1142181672"
"1.2473908096378","1213.123688271"
"1.2483908096378","1213.1330135894"
"1.2493908096378","1213.1421941225"
"1.2503908096378","1213.1512298705"
"1.2513908096378","1213.1601208333"
"1.2523908096378","1213.168867011"
"1.2533908096378","1213.1774684038"
"1.2543908096378","1213.1859250116"
"1.2553908096378","1213.1942368347"
"1.2563908096378","1213.2024038729"
"1.2573908096378","1213.2104261265"
"1.2583908096378","1213.2183035955"
"1.2593908096378","1213.2260362799"
"1.2603908096378","1213.2336241798"
"1.2613908096378","1213.2410672952"
"1.2623908096378","1213.2483656263"
"1.2633908096378","1213.2555191732"
"1.2643908096378","1213.2625279357"
"1.2653908096378","1213.2693919141"
"1.2663908096378","1213.2761111084"
"1.2673908096378","1213.2826855186"
"1.2683908096378","1213.2891151448"
"1.2693908096378","1213.2953999871"
"1.2703908096378","1213.3015400454"
"1.2713908096378","1213.30753532"
"1.2723908096378","1213.3133858107"
"1.2733908096378","1213.3190915177"
"1.2743908096378","1213.3246524411"
"1.2753908096378","1213.3300685808"
"1.2763908096378","1213.3353399369"
"1.2773908096378","1213.3404665094"
"1.2783908096378","1213.3454482985"
"1.2793908096378","1213.3502853042"
"1.2803908096378","1213.3549775264"
"1.2813908096378","1213.3595249653"
"1.2823908096378","1213.3639276209"
"1.2833908096378","1213.3681854931"
"1.2843908096378","1213.3722985822"
"1.2853908096378","1213.3762668881"
"1.2863908096378","1213.3800904108"
"1.2873908096378","1213.3837691503"
"1.2883908096378","1213.3873031068"
"1.2893908096378","1213.3906922802"
"1.2903908096378","1213.3939366707"
"1.2913908096378","1213.3970362781"
"1.2923908096378","1213.3999911025"
"1.2933908096378","1213.4028011441"
"1.2943908096378","1213.4054664027"
"1.2953908096378","1213.4079868785"
"1.2963908096378","1213.4103625714"
"1.2973908096378","1213.4125934815"
"1.2983908096378","1213.4146796088"
"1.2993908096378","1213.4166209533"
"1.3003908096378","1213.4184175151"
"1.3013908096378","1213.4200692942"
"1.3023908096378","1213.4215762905"
"1.3033908096378","1213.4229385042"
"1.3043908096378","1213.4241559352"
"1.3053908096378","1213.4252285835"
"1.3063908096378","1213.4261564492"
"1.3073908096378","1213.4269395322"
"1.3083908096378","1213.4275778327"
"1.3093908096378","1213.4280713505"
"1.3103908096378","1213.4284200858"
"1.3113908096378","1213.4286240385"
"1.3123908096378","1213.4286832086"
"1.3133908096378","1213.4285975961"
"1.3143908096378","1213.4283672011"
"1.3153908096378","1213.4279920236"
"1.3163908096378","1213.4274720635"
"1.3173908096378","1213.4268073208"
"1.3183908096378","1213.4259977957"
"1.3193908096378","1213.4250434879"
"1.3203908096378","1213.4239443977"
"1.3213908096378","1213.4227005249"
"1.3223908096378","1213.4213118696"
"1.3233908096378","1213.4197784317"
"1.3243908096378","1213.4181002112"
"1.3253908096378","1213.4162772083"
"1.3263908096378","1213.4143094227"
"1.3273908096378","1213.4121968546"
"1.3283908096378","1213.4099395039"
"1.3293908096378","1213.4075373707"
"1.3303908096378","1213.4049904548"
"1.3313908096378","1213.4022987563"
"1.3323908096378","1213.3994622752"
"1.3333908096378","1213.3964810115"
"1.3343908096378","1213.3933549651"
"1.3353908096378","1213.3900841361"
"1.3363908096378","1213.3866685243"
"1.3373908096378","1213.3831081299"
"1.3383908096378","1213.3794029527"
"1.3393908096378","1213.3755529928"
"1.3403908096378","1213.3715582501"
"1.3413908096378","1213.3674187247"
"1.3423908096378","1213.3631344164"
"1.3433908096378","1213.3587053253"
"1.3443908096378","1213.3541314513"
"1.3453908096378","1213.3494127945"
"1.3463908096378","1213.3445493547"
"1.3473908096378","1213.339541132"
"1.3483908096378","1213.3343881263"
"1.3493908096378","1213.3290903375"
"1.3503908096378","1213.3236477658"
"1.3513908096378","1213.3180604109"
"1.3523908096378","1213.312328273"
"1.3533908096378","1213.3064513519"
"1.3543908096378","1213.3004296476"
"1.3553908096378","1213.2942631601"
"1.3563908096378","1213.2879518893"
"1.3573908096378","1213.2814958352"
"1.3583908096378","1213.2748949978"
"1.3593908096378","1213.268149377"
"1.3603908096378","1213.2612589727"
"1.3613908096378","1213.254223785"
"1.3623908096378","1213.2470438138"
"1.3633908096378","1213.239719059"
"1.3643908096378","1213.2322495205"
"1.3653908096378","1213.2246351984"
"1.3663908096378","1213.2168760926"
"1.3673908096378","1213.208972203"
"1.3683908096378","1213.2009235296"
"1.3693908096378","1213.1927300723"
"1.3703908096378","1213.1843918311"
"1.3713908096378","1213.1759088059"
"1.3723908096378","1213.1672809967"
"1.3733908096378","1213.1585084033"
"1.3743908096378","1213.1495910258"
"1.3753908096378","1213.1405288641"
"1.3763908096378","1213.1313219181"
"1.3773908096378","1213.1219701877"
"1.3783908096378","1213.112473673"
"1.3793908096378","1213.1028323737"
"1.3803908096378","1213.09304629"
"1.3813908096378","1213.0831154216"
"1.3823908096378","1213.0730397686"
"1.3833908096378","1213.0628193308"
"1.3843908096378","1213.0524541082"
"1.3853908096378","1213.0419441007"
"1.3863908096378","1213.0312893082"
"1.3873908096378","1213.0204897308"
"1.3883908096378","1213.0095453682"
"1.3893908096378","1212.9984562204"
"1.3903908096378","1212.9872222874"
"1.3913908096378","1212.9758435691"
"1.3923908096378","1212.9643200653"
"1.3933908096378","1212.9526517761"
"1.3943908096378","1212.9408387013"
"1.3953908096378","1212.9288808408"
"1.3963908096378","1212.9167781946"
"1.3973908096378","1212.9045307625"
"1.3983908096378","1212.8921385446"
"1.3993908096378","1212.8796015406"
"1.4003908096378","1212.8669197506"
"1.4013908096378","1212.8540931744"
"1.4023908096378","1212.8411218119"
"1.4033908096378","1212.8280056631"
"1.4043908096378","1212.8147447278"
"1.4053908096378","1212.801339006"
"1.4063908096378","1212.7877884976"
"1.4073908096378","1212.7740932024"
"1.4083908096378","1212.7602531204"
"1.4093908096378","1212.7462682515"
"1.4103908096378","1212.7321385956"
"1.4113908096378","1212.7178641525"
"1.4123908096378","1212.7034449222"
"1.4133908096378","1212.6888809046"
"1.4143908096378","1212.6741720996"
"1.4153908096378","1212.659318507"
"1.4163908096378","1212.6443201268"
"1.4173908096378","1212.6291769589"
"1.4183908096378","1212.6138890031"
"1.4193908096378","1212.5984562593"
"1.4203908096378","1212.5828787275"
"1.4213908096378","1212.5671564075"
"1.4223908096378","1212.5512892992"
"1.4233908096378","1212.5352774025"
"1.4243908096378","1212.5191207173"
"1.4253908096378","1212.5028192434"
"1.4263908096378","1212.4863729808"
"1.4273908096378","1212.4697819294"
"1.4283908096378","1212.4530460889"
"1.4293908096378","1212.4361654594"
"1.4303908096378","1212.4191400406"
"1.4313908096378","1212.4019698324"
"1.4323908096378","1212.3846548348"
"1.4333908096378","1212.3671950476"
"1.4343908096378","1212.3495904707"
"1.4353908096378","1212.3318411039"
"1.4363908096378","1212.3139469472"
"1.4373908096378","1212.2959080004"
"1.4383908096378","1212.2777242633"
"1.4393908096378","1212.2593957359"
"1.4403908096378","1212.2409224179"
"1.4413908096378","1212.2223043094"
"1.4423908096378","1212.2035414101"
"1.4433908096378","1212.1846337198"
"1.4443908096378","1212.1655812386"
"1.4453908096378","1212.1463839662"
"1.4463908096378","1212.1270419025"
"1.4473908096378","1212.1075550473"
"1.4483908096378","1212.0879234006"
"1.4493908096378","1212.0681469621"
"1.4503908096378","1212.0482257317"
"1.4513908096378","1212.0281597094"
"1.4523908096378","1212.0079488949"
"1.4533908096378","1211.987593288"
"1.4543908096378","1211.9670928888"
"1.4553908096378","1211.9464476969"
"1.4563908096378","1211.9256577123"
"1.4573908096378","1211.9047229347"
"1.4583908096378","1211.8836433641"
"1.4593908096378","1211.8624190004"
"1.4603908096378","1211.8410498432"
"1.4613908096378","1211.8195358926"
"1.4623908096378","1211.7978771482"
"1.4633908096378","1211.7760736101"
"1.4643908096378","1211.754125278"
"1.4653908096378","1211.7320321517"
"1.4663908096378","1211.7097942311"
"1.4673908096378","1211.6874115161"
"1.4683908096378","1211.6648840064"
"1.4693908096378","1211.642211702"
"1.4703908096378","1211.6193946026"
"1.4713908096378","1211.596432708"
"1.4723908096378","1211.5733260182"
"1.4733908096378","1211.550074533"
"1.4743908096378","1211.5266782521"
"1.4753908096378","1211.5031371754"
"1.4763908096378","1211.4794513027"
"1.4773908096378","1211.4556206339"
"1.4783908096378","1211.4316451688"
"1.4793908096378","1211.4075249072"
"1.4803908096378","1211.383259849"
"1.4813908096378","1211.3588499939"
"1.4823908096378","1211.3342953418"
"1.4833908096378","1211.3095958925"
"1.4843908096378","1211.2847516458"
"1.4853908096378","1211.2597626016"
"1.4863908096378","1211.2346287596"
"1.4873908096378","1211.2093501198"
"1.4883908096378","1211.1839266818"
"1.4893908096378","1211.1583584455"
"1.4903908096378","1211.1326454107"
"1.4913908096378","1211.1067875773"
"1.4923908096378","1211.080784945"
"1.4933908096378","1211.0546375137"
"1.4943908096378","1211.0283452831"
"1.4953908096378","1211.0019082531"
"1.4963908096378","1210.9753264235"
"1.4973908096378","1210.9485997941"
"1.4983908096378","1210.9217283647"
"1.4993908096378","1210.894712135"
"1.5003908096378","1210.867551105"
"1.5013908096378","1210.8402452744"
"1.5023908096378","1210.8127946429"
"1.5033908096378","1210.7851992105"
"1.5043908096378","1210.7574589768"
"1.5053908096378","1210.7295739417"
"1.5063908096378","1210.7015441051"
"1.5073908096378","1210.6733694666"
"1.5083908096378","1210.645050026"
"1.5093908096378","1210.6165857833"
"1.5103908096378","1210.5879767381"
"1.5113908096378","1210.5592228902"
"1.5123908096378","1210.5303242395"
"1.5133908096378","1210.5012807858"
"1.5143908096378","1210.4720925287"
"1.5153908096378","1210.4427594681"
"1.5163908096378","1210.4132816038"
"1.5173908096378","1210.3836589356"
"1.5183908096378","1210.3538914633"
"1.5193908096378","1210.3239791865"
"1.5203908096378","1210.2939221052"
"1.5213908096378","1210.2637202191"
"1.5223908096378","1210.2333735279"
"1.5233908096378","1210.2028820315"
"1.5243908096378","1210.1722457297"
"1.5253908096378","1210.1414646221"
"1.5263908096378","1210.1105387086"
"1.5273908096378","1210.0794679889"
"1.5283908096378","1210.0482524629"
"1.5293908096378","1210.0168921302"
"1.5303908096378","1209.9853869907"
"1.5313908096378","1209.9537370441"
"1.5323908096378","1209.9219422902"
"1.5333908096378","1209.8900027288"
"1.5343908096378","1209.8579183596"
"1.5353908096378","1209.8256891824"
"1.5363908096378","1209.7933151969"
"1.5373908096378","1209.760796403"
"1.5383908096378","1209.7281328003"
"1.5393908096378","1209.6953243886"
"1.5403908096378","1209.6623711678"
"1.5413908096378","1209.6292731375"
"1.5423908096378","1209.5960302975"
"1.5433908096378","1209.5626426475"
"1.5443908096378","1209.5291101874"
"1.5453908096378","1209.4954329168"
"1.5463908096378","1209.4616108356"
"1.5473908096378","1209.4276439434"
"1.5483908096378","1209.39353224"
"1.5493908096378","1209.3592757252"
"1.5503908096378","1209.3248743988"
"1.5513908096378","1209.2903282603"
"1.5523908096378","1209.2556373097"
"1.5533908096378","1209.2208015467"
"1.5543908096378","1209.1858209709"
"1.5553908096378","1209.1506955822"
"1.5563908096378","1209.1154253802"
"1.5573908096378","1209.0800103648"
"1.5583908096378","1209.0444505356"
"1.5593908096378","1209.0087458924"
"1.5603908096378","1208.9728964349"
"1.5613908096378","1208.9369021629"
"1.5623908096378","1208.9007630761"
"1.5633908096378","1208.8644791743"
"1.5643908096378","1208.8280504571"
"1.5653908096378","1208.7914769242"
"1.5663908096378","1208.7547585756"
"1.5673908096378","1208.7178954107"
"1.5683908096378","1208.6808874295"
"1.5693908096378","1208.6437346315"
"1.5703908096378","1208.6064370166"
"1.5713908096378","1208.5689945844"
"1.5723908096378","1208.5314073348"
"1.5733908096378","1208.4936752673"
"1.5743908096378","1208.4557983817"
"1.5753908096378","1208.4177766778"
"1.5763908096378","1208.3796101553"
"1.5773908096378","1208.3412988138"
"1.5783908096378","1208.3028426532"
"1.5793908096378","1208.264241673"
"1.5803908096378","1208.2254958731"
"1.5813908096378","1208.1866052531"
"1.5823908096378","1208.1475698128"
"1.5833908096378","1208.1083895518"
"1.5843908096378","1208.0690644699"
"1.5853908096378","1208.0295945668"
"1.5863908096378","1207.9899798422"
"1.5873908096378","1207.9502202957"
"1.5883908096378","1207.9103159272"
"1.5893908096378","1207.8702667363"
"1.5903908096378","1207.8300727227"
"1.5913908096378","1207.7897338861"
"1.5923908096378","1207.7492502262"
"1.5933908096378","1207.7086217428"
"1.5943908096378","1207.6678484354"
"1.5953908096378","1207.6269303039"
"1.5963908096378","1207.5858673479"
"1.5973908096378","1207.544659567"
"1.5983908096378","1207.5033069611"
"1.5993908096378","1207.4618095298"
"1.6003908096378","1207.4201672727"
"1.6013908096378","1207.3783801897"
"1.6023908096378","1207.3364482803"
"1.6033908096378","1207.2943715442"
"1.6043908096378","1207.2521499812"
"1.6053908096378","1207.209783591"
"1.6063908096378","1207.1672723731"
"1.6073908096378","1207.1246163274"
"1.6083908096378","1207.0818154534"
"1.6093908096378","1207.0388697509"
"1.6103908096378","1206.9957792196"
"1.6113908096378","1206.9525438591"
"1.6123908096378","1206.909163669"
"1.6133908096378","1206.8656386492"
"1.6143908096378","1206.8219687993"
"1.6153908096378","1206.7781541189"
"1.6163908096378","1206.7341946077"
"1.6173908096378","1206.6900902654"
"1.6183908096378","1206.6458410916"
"1.6193908096378","1206.6014470861"
"1.6203908096378","1206.5569082485"
"1.6213908096378","1206.5122245785"
"1.6223908096378","1206.4673960757"
"1.6233908096378","1206.4224227398"
"1.6243908096378","1206.3773045705"
"1.6253908096378","1206.3320415674"
"1.6263908096378","1206.2866337302"
"1.6273908096378","1206.2410810586"
"1.6283908096378","1206.1953835523"
"1.6293908096378","1206.1495412108"
"1.6303908096378","1206.1035540338"
"1.6313908096378","1206.0574220211"
"1.6323908096378","1206.0111451723"
"1.6333908096378","1205.9647234869"
"1.6343908096378","1205.9181569647"
"1.6353908096378","1205.8714456054"
"1.6363908096378","1205.8245894086"
"1.6373908096378","1205.7775883738"
"1.6383908096378","1205.7304425009"
"1.6393908096378","1205.6831517894"
"1.6403908096378","1205.635716239"
"1.6413908096378","1205.5881358493"
"1.6423908096378","1205.54041062"
"1.6433908096378","1205.4925405507"
"1.6443908096378","1205.4445256411"
"1.6453908096378","1205.3963658907"
"1.6463908096378","1205.3480612994"
"1.6473908096378","1205.2996118666"
"1.6483908096378","1205.251017592"
"1.6493908096378","1205.2022784754"
"1.6503908096378","1205.1533945162"
"1.6513908096378","1205.1043657142"
"1.6523908096378","1205.0551920689"
"1.6533908096378","1205.0058735801"
"1.6543908096378","1204.9564102473"
"1.6553908096378","1204.9068020702"
"1.6563908096378","1204.8570490484"
"1.6573908096378","1204.8071511815"
"1.6583908096378","1204.7571084693"
"1.6593908096378","1204.7069209112"
"1.6603908096378","1204.6565885069"
"1.6613908096378","1204.606111256"
"1.6623908096378","1204.5554891583"
"1.6633908096378","1204.5047222132"
"1.6643908096378","1204.4538104205"
"1.6653908096378","1204.4027537797"
"1.6663908096378","1204.3515522904"
"1.6673908096378","1204.3002059523"
"1.6683908096378","1204.2487147651"
"1.6693908096378","1204.1970787282"
"1.6703908096378","1204.1452978413"
"1.6713908096378","1204.0933721041"
"1.6723908096378","1204.0413015162"
"1.6733908096378","1203.9890860771"
"1.6743908096378","1203.9367257865"
"1.6753908096378","1203.8842206439"
"1.6763908096378","1203.8315706491"
"1.6773908096378","1203.7787758016"
"1.6783908096378","1203.725836101"
"1.6793908096378","1203.6727515469"
"1.6803908096378","1203.6195221389"
"1.6813908096378","1203.5661478766"
"1.6823908096378","1203.5126287597"
"1.6833908096378","1203.4589647877"
"1.6843908096378","1203.4051559602"
"1.6853908096378","1203.3512022769"
"1.6863908096378","1203.2971037372"
"1.6873908096378","1203.2428603409"
"1.6883908096378","1203.1884720875"
"1.6893908096378","1203.1339389767"
"1.6903908096378","1203.0792610079"
"1.6913908096378","1203.0244381808"
"1.6923908096378","1202.969470495"
"1.6933908096378","1202.9143579501"
"1.6943908096378","1202.8591005457"
"1.6953908096378","1202.8036982813"
"1.6963908096378","1202.7481511565"
"1.6973908096378","1202.692459171"
"1.6983908096378","1202.6366223243"
"1.6993908096378","1202.580640616"
"1.7003908096378","1202.5245140457"
"1.7013908096378","1202.4682426129"
"1.7023908096378","1202.4118263173"
"1.7033908096378","1202.3552651584"
"1.7043908096378","1202.2985591357"
"1.7053908096378","1202.241708249"
"1.7063908096378","1202.1847124977"
"1.7073908096378","1202.1275718815"
"1.7083908096378","1202.0702863998"
"1.7093908096378","1202.0128560523"
"1.7103908096378","1201.9552808385"
"1.7113908096378","1201.8975607581"
"1.7123908096378","1201.8396958105"
"1.7133908096378","1201.7816859954"
"1.7143908096378","1201.7235313124"
"1.7153908096378","1201.6652317609"
"1.7163908096378","1201.6067873405"
"1.7173908096378","1201.5481980509"
"1.7183908096378","1201.4894638915"
"1.7193908096377","1201.430584862"
"1.7203908096377","1201.3715609618"
"1.7213908096377","1201.3123921906"
"1.7223908096377","1201.253078548"
"1.7233908096377","1201.1936200334"
"1.7243908096377","1201.1340166464"
"1.7253908096377","1201.0742683867"
"1.7263908096377","1201.0143752536"
"1.7273908096377","1200.9543372469"
"1.7283908096377","1200.8941543659"
"1.7293908096377","1200.8338266104"
"1.7303908096377","1200.7733539798"
"1.7313908096377","1200.7127364737"
"1.7323908096377","1200.6519740917"
"1.7333908096377","1200.5910668332"
"1.7343908096377","1200.5300146979"
"1.7353908096377","1200.4688176852"
"1.7363908096377","1200.4074757947"
"1.7373908096377","1200.345989026"
"1.7383908096377","1200.2843573786"
"1.7393908096377","1200.2225808521"
"1.7403908096377","1200.1606594459"
"1.7413908096377","1200.0985931596"
"1.7423908096377","1200.0363819928"
"1.7433908096377","1199.9740259449"
"1.7443908096377","1199.9115250156"
"1.7453908096377","1199.8488792043"
"1.7463908096377","1199.7860885106"
"1.7473908096377","1199.723152934"
"1.7483908096377","1199.6600724741"
"1.7493908096377","1199.5968471303"
"1.7503908096377","1199.5334769022"
"1.7513908096377","1199.4699617894"
"1.7523908096377","1199.4063017913"
"1.7533908096377","1199.3424969075"
"1.7543908096377","1199.2785471375"
"1.7553908096377","1199.2144524807"
"1.7563908096377","1199.1502129369"
"1.7573908096377","1199.0858285054"
"1.7583908096377","1199.0212991858"
"1.7593908096377","1198.9566249775"
"1.7603908096377","1198.8918058802"
"1.7613908096377","1198.8268418933"
"1.7623908096377","1198.7617330164"
"1.7633908096377","1198.6964792489"
"1.7643908096377","1198.6310805904"
"1.7653908096377","1198.5655370403"
"1.7663908096377","1198.4998485983"
"1.7673908096377","1198.4340152637"
"1.7683908096377","1198.3680370361"
"1.7693908096377","1198.3019139151"
"1.7703908096377","1198.2356459001"
"1.7713908096377","1198.1692329906"
"1.7723908096377","1198.1026751861"
"1.7733908096377","1198.0359724861"
"1.7743908096377","1197.9691248902"
"1.7753908096377","1197.9021323978"
"1.7763908096377","1197.8349950084"
"1.7773908096377","1197.7677127215"
"1.7783908096377","1197.7002855367"
"1.7793908096377","1197.6327134534"
"1.7803908096377","1197.5649964711"
"1.7813908096377","1197.4971345892"
"1.7823908096377","1197.4291278074"
"1.7833908096377","1197.3609761251"
"1.7843908096377","1197.2926795418"
"1.7853908096377","1197.2242380569"
"1.7863908096377","1197.1556516699"
"1.7873908096377","1197.0869203804"
"1.7883908096377","1197.0180441879"
"1.7893908096377","1196.9490230917"
"1.7903908096377","1196.8798570914"
"1.7913908096377","1196.8105461866"
"1.7923908096377","1196.7410903765"
"1.7933908096377","1196.6714896608"
"1.7943908096377","1196.6017440389"
"1.7953908096377","1196.5318535103"
"1.7963908096377","1196.4618180745"
"1.7973908096377","1196.391637731"
"1.7983908096377","1196.3213124791"
"1.7993908096377","1196.2508423184"
"1.8003908096377","1196.1802272484"
"1.8013908096377","1196.1094672686"
"1.8023908096377","1196.0385623783"
"1.8033908096377","1195.9675125772"
"1.8043908096377","1195.8963178645"
"1.8053908096377","1195.8249782399"
"1.8063908096377","1195.7534937028"
"1.8073908096377","1195.6818642526"
"1.8083908096377","1195.6100898888"
"1.8093908096377","1195.5381706109"
"1.8103908096377","1195.4661064183"
"1.8113908096377","1195.3938973105"
"1.8123908096377","1195.3215432869"
"1.8133908096377","1195.2490443471"
"1.8143908096377","1195.1764004904"
"1.8153908096377","1195.1036117163"
"1.8163908096377","1195.0306780243"
"1.8173908096377","1194.9575994139"
"1.8183908096377","1194.8843758844"
"1.8193908096377","1194.8110074353"
"1.8203908096377","1194.7374940662"
"1.8213908096377","1194.6638357763"
"1.8223908096377","1194.5900325653"
"1.8233908096377","1194.5160844324"
"1.8243908096377","1194.4419913773"
"1.8253908096377","1194.3677533992"
"1.8263908096377","1194.2933704977"
"1.8273908096377","1194.2188426723"
"1.8283908096377","1194.1441699222"
"1.8293908096377","1194.0693522471"
"1.8303908096377","1193.9943896462"
"1.8313908096377","1193.9192821192"
"1.8323908096377","1193.8440296653"
"1.8333908096377","1193.7686322841"
"1.8343908096377","1193.6930899749"
"1.8353908096377","1193.6174027373"
"1.8363908096377","1193.5415705706"
"1.8373908096377","1193.4655934742"
"1.8383908096377","1193.3894714477"
"1.8393908096377","1193.3132044904"
"1.8403908096377","1193.2367926017"
"1.8413908096377","1193.1602357811"
"1.8423908096377","1193.0835340281"
"1.8433908096377","1193.0066873419"
"1.8443908096377","1192.9296957222"
"1.8453908096377","1192.8525591682"
"1.8463908096377","1192.7752776794"
"1.8473908096377","1192.6978512552"
"1.8483908096377","1192.6202798951"
"1.8493908096377","1192.5425635984"
"1.8503908096377","1192.4647023647"
"1.8513908096377","1192.3866961932"
"1.8523908096377","1192.3085450834"
"1.8533908096377","1192.2302490348"
"1.8543908096377","1192.1518080466"
"1.8553908096377","1192.0732221185"
"1.8563908096377","1191.9944912497"
"1.8573908096377","1191.9156154396"
"1.8583908096377","1191.8365946878"
"1.8593908096377","1191.7574289935"
"1.8603908096377","1191.6781183562"
"1.8613908096377","1191.5986627753"
"1.8623908096377","1191.5190622503"
"1.8633908096377","1191.4393167804"
"1.8643908096377","1191.3594263651"
"1.8653908096377","1191.2793910038"
"1.8663908096377","1191.199210696"
"1.8673908096377","1191.1188854409"
"1.8683908096377","1191.038415238"
"1.8693908096377","1190.9578000868"
"1.8703908096377","1190.8770399865"
"1.8713908096377","1190.7961349366"
"1.8723908096377","1190.7150849365"
"1.8733908096377","1190.6338899856"
"1.8743908096377","1190.5525500832"
"1.8753908096377","1190.4710652288"
"1.8763908096377","1190.3894354217"
"1.8773908096377","1190.3076606614"
"1.8783908096377","1190.2257409471"
"1.8793908096377","1190.1436762784"
"1.8803908096377","1190.0614666545"
"1.8813908096377","1189.979112075"
"1.8823908096377","1189.896612539"
"1.8833908096377","1189.8139680461"
"1.8843908096377","1189.7311785956"
"1.8853908096377","1189.6482441869"
"1.8863908096377","1189.5651648194"
"1.8873908096377","1189.4819404924"
"1.8883908096377","1189.3985712053"
"1.8893908096377","1189.3150569575"
"1.8903908096377","1189.2313977484"
"1.8913908096377","1189.1475935773"
"1.8923908096377","1189.0636444436"
"1.8933908096377","1188.9795503467"
"1.8943908096377","1188.895311286"
"1.8953908096377","1188.8109272607"
"1.8963908096377","1188.7263982704"
"1.8973908096377","1188.6417243142"
"1.8983908096377","1188.5569053917"
"1.8993908096377","1188.4719415022"
"1.9003908096377","1188.386832645"
"1.9013908096377","1188.3015788195"
"1.9023908096377","1188.2161800251"
"1.9033908096377","1188.1306362611"
"1.9043908096377","1188.0449475268"
"1.9053908096377","1187.9591138217"
"1.9063908096377","1187.873135145"
"1.9073908096377","1187.7870114962"
"1.9083908096377","1187.7007428746"
"1.9093908096377","1187.6143292796"
"1.9103908096377","1187.5277707104"
"1.9113908096377","1187.4410671665"
"1.9123908096377","1187.3542186472"
"1.9133908096377","1187.2672251518"
"1.9143908096377","1187.1800866797"
"1.9153908096377","1187.0928032303"
"1.9163908096377","1187.0053748028"
"1.9173908096377","1186.9178013966"
"1.9183908096377","1186.8300830111"
"1.9193908096377","1186.7422196457"
"1.9203908096377","1186.6542112995"
"1.9213908096377","1186.5660579721"
"1.9223908096377","1186.4777596626"
"1.9233908096377","1186.3893163706"
"1.9243908096377","1186.3007280952"
"1.9253908096377","1186.2119948359"
"1.9263908096377","1186.1231165919"
"1.9273908096377","1186.0340933626"
"1.9283908096377","1185.9449251474"
"1.9293908096377","1185.8556119455"
"1.9303908096377","1185.7661537562"
"1.9313908096377","1185.676550579"
"1.9323908096377","1185.5868024132"
"1.9333908096377","1185.496909258"
"1.9343908096377","1185.4068711128"
"1.9353908096377","1185.3166879769"
"1.9363908096377","1185.2263598497"
"1.9373908096377","1185.1358867304"
"1.9383908096377","1185.0452686184"
"1.9393908096377","1184.9545055129"
"1.9403908096377","1184.8635974134"
"1.9413908096377","1184.7725443192"
"1.9423908096377","1184.6813462294"
"1.9433908096377","1184.5900031436"
"1.9443908096377","1184.4985150609"
"1.9453908096377","1184.4068819807"
"1.9463908096377","1184.3151039023"
"1.9473908096377","1184.223180825"
"1.9483908096377","1184.1311127482"
"1.9493908096377","1184.038899671"
"1.9503908096377","1183.9465415929"
"1.9513908096377","1183.8540385132"
"1.9523908096377","1183.7613904311"
"1.9533908096377","1183.6685973459"
"1.9543908096377","1183.575659257"
"1.9553908096377","1183.4825761636"
"1.9563908096377","1183.3893480651"
"1.9573908096377","1183.2959749607"
"1.9583908096377","1183.2024568498"
"1.9593908096377","1183.1087937317"
"1.9603908096377","1183.0149856055"
"1.9613908096377","1182.9210324708"
"1.9623908096377","1182.8269343266"
"1.9633908096377","1182.7326911724"
"1.9643908096377","1182.6383030074"
"1.9653908096377","1182.5437698309"
"1.9663908096377","1182.4490916421"
"1.9673908096377","1182.3542684405"
"1.9683908096377","1182.2593002252"
"1.9693908096377","1182.1641869956"
"1.9703908096377","1182.068928751"
"1.9713908096377","1181.9735254905"
"1.9723908096377","1181.8779772136"
"1.9733908096377","1181.7822839195"
"1.9743908096377","1181.6864456074"
"1.9753908096377","1181.5904622767"
"1.9763908096377","1181.4943339266"
"1.9773908096377","1181.3980605564"
"1.9783908096377","1181.3016421654"
"1.9793908096377","1181.2050787528"
"1.9803908096377","1181.108370318"
"1.9813908096377","1181.0115168601"
"1.9823908096377","1180.9145183786"
"1.9833908096377","1180.8173748726"
"1.9843908096377","1180.7200863414"
"1.9853908096377","1180.6226527842"
"1.9863908096377","1180.5250742005"
"1.9873908096377","1180.4273505893"
"1.9883908096377","1180.32948195"
"1.9893908096377","1180.2314682819"
"1.9903908096377","1180.1333095842"
"1.9913908096377","1180.0350058561"
"1.9923908096377","1179.936557097"
"1.9933908096377","1179.837963306"
"1.9943908096377","1179.7392244825"
"1.9953908096377","1179.6403406257"
"1.9963908096377","1179.5413117349"
"1.9973908096377","1179.4421378092"
"1.9983908096377","1179.3428188481"
"1.9993908096377","1179.2433548506"
"2.0003908096377","1179.1437458162"
"2.0013908096377","1179.0439917439"
"2.0023908096377","1178.9440926332"
"2.0033908096377","1178.8440484831"
"2.0043908096377","1178.743859293"
"2.0053908096377","1178.6435250622"
"2.0063908096377","1178.5430457898"
"2.0073908096377","1178.442421475"
"2.0083908096377","1178.3416521173"
"2.0093908096377","1178.2407377157"
"2.0103908096377","1178.1396782696"
"2.0113908096377","1178.0384737781"
"2.0123908096377","1177.9371242405"
"2.0133908096377","1177.8356296561"
"2.0143908096377","1177.7339900241"
"2.0153908096377","1177.6322053436"
"2.0163908096377","1177.530275614"
"2.0173908096377","1177.4282008345"
"2.0183908096377","1177.3259810044"
"2.0193908096377","1177.2236161227"
"2.0203908096377","1177.1211061889"
"2.0213908096377","1177.018451202"
"2.0223908096377","1176.9156511614"
"2.0233908096377","1176.8127060662"
"2.0243908096377","1176.7096159157"
"2.0253908096377","1176.6063807091"
"2.0263908096377","1176.5030004456"
"2.0273908096377","1176.3994751245"
"2.0283908096377","1176.295804745"
"2.0293908096377","1176.1919893062"
"2.0303908096377","1176.0880288075"
"2.0313908096377","1175.983923248"
"2.0323908096377","1175.8796726269"
"2.0333908096377","1175.7752769435"
"2.0343908096377","1175.670736197"
"2.0353908096377","1175.5660503865"
"2.0363908096377","1175.4612195113"
"2.0373908096377","1175.3562435707"
"2.0383908096377","1175.2511225638"
"2.0393908096377","1175.1458564898"
"2.0403908096377","1175.0404453479"
"2.0413908096377","1174.9348891373"
"2.0423908096377","1174.8291878574"
"2.0433908096377","1174.7233415071"
"2.0443908096377","1174.6173500858"
"2.0453908096377","1174.5112135927"
"2.0463908096377","1174.4049320269"
"2.0473908096377","1174.2985053877"
"2.0483908096377","1174.1919336742"
"2.0493908096377","1174.0852168857"
"2.0503908096377","1173.9783550214"
"2.0513908096377","1173.8713480803"
"2.0523908096377","1173.7641960619"
"2.0533908096377","1173.6568989651"
"2.0543908096377","1173.5494567893"
"2.0553908096377","1173.4418695335"
"2.0563908096377","1173.3341371971"
"2.0573908096377","1173.2262597792"
"2.0583908096377","1173.118237279"
"2.0593908096377","1173.0100696956"
"2.0603908096377","1172.9017570282"
"2.0613908096377","1172.7932992762"
"2.0623908096377","1172.6846964385"
"2.0633908096377","1172.5759485144"
"2.0643908096377","1172.4670555031"
"2.0653908096377","1172.3580174038"
"2.0663908096377","1172.2488342156"
"2.0673908096377","1172.1395059377"
"2.0683908096377","1172.0300325693"
"2.0693908096377","1171.9204141096"
"2.0703908096377","1171.8106505577"
"2.0713908096377","1171.7007419129"
"2.0723908096377","1171.5906881742"
"2.0733908096377","1171.4804893409"
"2.0743908096377","1171.3701454122"
"2.0753908096377","1171.2596563871"
"2.0763908096377","1171.1490222649"
"2.0773908096377","1171.0382430447"
"2.0783908096377","1170.9273187257"
"2.0793908096377","1170.8162493071"
"2.0803908096377","1170.705034788"
"2.0813908096377","1170.5936751676"
"2.0823908096377","1170.4821704451"
"2.0833908096377","1170.3705206195"
"2.0843908096377","1170.2587256901"
"2.0853908096377","1170.1467856561"
"2.0863908096377","1170.0347005165"
"2.0873908096377","1169.9224702706"
"2.0883908096377","1169.8100949174"
"2.0893908096377","1169.6975744563"
"2.0903908096377","1169.5849088862"
"2.0913908096377","1169.4720982063"
"2.0923908096377","1169.3591424159"
"2.0933908096377","1169.246041514"
"2.0943908096377","1169.1327954997"
"2.0953908096377","1169.0194043724"
"2.0963908096377","1168.905868131"
"2.0973908096377","1168.7921867747"
"2.0983908096377","1168.6783603028"
"2.0993908096377","1168.5643887142"
"2.1003908096377","1168.4502720082"
"2.1013908096377","1168.3360101839"
"2.1023908096377","1168.2216032404"
"2.1033908096377","1168.1070511769"
"2.1043908096377","1167.9923539926"
"2.1053908096377","1167.8775116864"
"2.1063908096377","1167.7625242577"
"2.1073908096377","1167.6473917054"
"2.1083908096377","1167.5321140288"
"2.1093908096377","1167.416691227"
"2.1103908096377","1167.3011232991"
"2.1113908096377","1167.1854102443"
"2.1123908096377","1167.0695520616"
"2.1133908096377","1166.9535487501"
"2.1143908096377","1166.8374003091"
"2.1153908096377","1166.7211067377"
"2.1163908096377","1166.6046680349"
"2.1173908096377","1166.4880841999"
"2.1183908096377","1166.3713552318"
"2.1193908096377","1166.2544811297"
"2.1203908096377","1166.1374618928"
"2.1213908096377","1166.0202975201"
"2.1223908096377","1165.9029880109"
"2.1233908096377","1165.7855333641"
"2.1243908096377","1165.6679335789"
"2.1253908096377","1165.5501886545"
"2.1263908096377","1165.4322985899"
"2.1273908096377","1165.3142633842"
"2.1283908096377","1165.1960830366"
"2.1293908096377","1165.0777575462"
"2.1303908096377","1164.959286912"
"2.1313908096377","1164.8406711333"
"2.1323908096377","1164.721910209"
"2.1333908096377","1164.6030041383"
"2.1343908096377","1164.4839529203"
"2.1353908096377","1164.3647565541"
"2.1363908096377","1164.2454150388"
"2.1373908096377","1164.1259283735"
"2.1383908096377","1164.0062965573"
"2.1393908096377","1163.8865195893"
"2.1403908096377","1163.7665974686"
"2.1413908096377","1163.6465301943"
"2.1423908096377","1163.5263177654"
"2.1433908096377","1163.4059601812"
"2.1443908096377","1163.2854574406"
"2.1453908096377","1163.1648095427"
"2.1463908096377","1163.0440164868"
"2.1473908096377","1162.9230782717"
"2.1483908096377","1162.8019948967"
"2.1493908096377","1162.6807663608"
"2.1503908096377","1162.5593926631"
"2.1513908096377","1162.4378738027"
"2.1523908096377","1162.3162097786"
"2.1533908096377","1162.19440059"
"2.1543908096377","1162.072446236"
"2.1553908096377","1161.9503467155"
"2.1563908096377","1161.8281020278"
"2.1573908096377","1161.7057121718"
"2.1583908096377","1161.5831771466"
"2.1593908096377","1161.4604969514"
"2.1603908096377","1161.3376715852"
"2.1613908096377","1161.214701047"
"2.1623908096377","1161.091585336"
"2.1633908096377","1160.9683244512"
"2.1643908096377","1160.8449183917"
"2.1653908096377","1160.7213671565"
"2.1663908096377","1160.5976707447"
"2.1673908096377","1160.4738291555"
"2.1683908096377","1160.3498423878"
"2.1693908096377","1160.2257104407"
"2.1703908096377","1160.1014333133"
"2.1713908096377","1159.9770110046"
"2.1723908096377","1159.8524435137"
"2.1733908096377","1159.7277308397"
"2.1743908096377","1159.6028729817"
"2.1753908096377","1159.4778699386"
"2.1763908096377","1159.3527217095"
"2.1773908096377","1159.2274282936"
"2.1783908096377","1159.1019896898"
"2.1793908096377","1158.9764058972"
"2.1803908096377","1158.8506769148"
"2.1813908096377","1158.7248027418"
"2.1823908096377","1158.5987833771"
"2.1833908096377","1158.4726188198"
"2.1843908096377","1158.346309069"
"2.1853908096377","1158.2198541237"
"2.1863908096377","1158.0932539829"
"2.1873908096377","1157.9665086457"
"2.1883908096377","1157.8396181111"
"2.1893908096377","1157.7125823783"
"2.1903908096377","1157.5854014461"
"2.1913908096377","1157.4580753137"
"2.1923908096377","1157.3306039801"
"2.1933908096377","1157.2029874444"
"2.1943908096377","1157.0752257055"
"2.1953908096377","1156.9473187625"
"2.1963908096377","1156.8192666145"
"2.1973908096377","1156.6910692604"
"2.1983908096377","1156.5627266994"
"2.1993908096377","1156.4342389304"
"2.2003908096377","1156.3056059524"
"2.2013908096377","1156.1768277646"
"2.2023908096377","1156.0479043659"
"2.2033908096377","1155.9188357553"
"2.2043908096377","1155.789621932"
"2.2053908096377","1155.6602628948"
"2.2063908096377","1155.5307586429"
"2.2073908096377","1155.4011091752"
"2.2083908096377","1155.2713144908"
"2.2093908096377","1155.1413745887"
"2.2103908096377","1155.0112894679"
"2.2113908096377","1154.8810591274"
"2.2123908096377","1154.7506835663"
"2.2133908096377","1154.6201627835"
"2.2143908096377","1154.4894967781"
"2.2153908096377","1154.3586855491"
"2.2163908096377","1154.2277290955"
"2.2173908096377","1154.0966274164"
"2.2183908096377","1153.9653805106"
"2.2193908096377","1153.8339883773"
"2.2203908096377","1153.7024510155"
"2.2213908096377","1153.570768424"
"2.2223908096377","1153.4389406021"
"2.2233908096377","1153.3069675486"
"2.2243908096377","1153.1748492626"
"2.2253908096377","1153.042585743"
"2.2263908096377","1152.9101769889"
"2.2273908096377","1152.7776229993"
"2.2283908096377","1152.6449237731"
"2.2293908096377","1152.5120793094"
"2.2303908096377","1152.3790896072"
"2.2313908096377","1152.2459546654"
"2.2323908096377","1152.1126744831"
"2.2333908096377","1151.9792490592"
"2.2343908096377","1151.8456783928"
"2.2353908096377","1151.7119624828"
"2.2363908096377","1151.5781013282"
"2.2373908096377","1151.444094928"
"2.2383908096377","1151.3099432812"
"2.2393908096377","1151.1756463869"
"2.2403908096377","1151.0412042438"
"2.2413908096377","1150.9066168512"
"2.2423908096377","1150.7718842079"
"2.2433908096377","1150.6370063129"
"2.2443908096377","1150.5019831652"
"2.2453908096377","1150.3668147638"
"2.2463908096377","1150.2315011076"
"2.2473908096377","1150.0960421957"
"2.2483908096377","1149.960438027"
"2.2493908096377","1149.8246886005"
"2.2503908096377","1149.6887939152"
"2.2513908096377","1149.55275397"
"2.2523908096377","1149.416568764"
"2.2533908096377","1149.280238296"
"2.2543908096377","1149.143762565"
"2.2553908096377","1149.0071415701"
"2.2563908096377","1148.8703753102"
"2.2573908096377","1148.7334637843"
"2.2583908096377","1148.5964069913"
"2.2593908096377","1148.4592049302"
"2.2603908096377","1148.3218575999"
"2.2613908096377","1148.1843649994"
"2.2623908096377","1148.0467271278"
"2.2633908096377","1147.9089439838"
"2.2643908096377","1147.7710155666"
"2.2653908096377","1147.632941875"
"2.2663908096377","1147.494722908"
"2.2673908096377","1147.3563586646"
"2.2683908096377","1147.2178491438"
"2.2693908096377","1147.0791943444"
"2.2703908096377","1146.9403942654"
"2.2713908096377","1146.8014489058"
"2.2723908096377","1146.6623582646"
"2.2733908096377","1146.5231223406"
"2.2743908096377","1146.3837411328"
"2.2753908096377","1146.2442146403"
"2.2763908096377","1146.1045428618"
"2.2773908096377","1145.9647257965"
"2.2783908096377","1145.8247634431"
"2.2793908096377","1145.6846558007"
"2.2803908096377","1145.5444028682"
"2.2813908096377","1145.4040046445"
"2.2823908096377","1145.2634611286"
"2.2833908096377","1145.1227723194"
"2.2843908096377","1144.9819382158"
"2.2853908096377","1144.8409588169"
"2.2863908096377","1144.6998341214"
"2.2873908096377","1144.5585641284"
"2.2883908096377","1144.4171488368"
"2.2893908096377","1144.2755882455"
"2.2903908096377","1144.1338823535"
"2.2913908096377","1143.9920311596"
"2.2923908096377","1143.8500346629"
"2.2933908096377","1143.7078928621"
"2.2943908096377","1143.5656057563"
"2.2953908096377","1143.4231733445"
"2.2963908096377","1143.2805956254"
"2.2973908096377","1143.137872598"
"2.2983908096377","1142.9950042613"
"2.2993908096377","1142.8519906142"
"2.3003908096377","1142.7088316555"
"2.3013908096377","1142.5655273843"
"2.3023908096377","1142.4220777994"
"2.3033908096377","1142.2784828997"
"2.3043908096377","1142.1347426842"
"2.3053908096377","1141.9908571517"
"2.3063908096377","1141.8468263012"
"2.3073908096377","1141.7026501316"
"2.3083908096377","1141.5583286419"
"2.3093908096377","1141.4138618308"
"2.3103908096377","1141.2692496973"
"2.3113908096377","1141.1244922404"
"2.3123908096377","1140.9795894589"
"2.3133908096377","1140.8345413518"
"2.3143908096377","1140.6893479179"
"2.3153908096377","1140.5440091561"
"2.3163908096377","1140.3985250654"
"2.3173908096377","1140.2528956446"
"2.3183908096377","1140.1071208926"
"2.3193908096377","1139.9612008084"
"2.3203908096377","1139.8151353909"
"2.3213908096377","1139.6689246389"
"2.3223908096377","1139.5225685513"
"2.3233908096377","1139.376067127"
"2.3243908096377","1139.2294203649"
"2.3253908096377","1139.082628264"
"2.3263908096377","1138.935690823"
"2.3273908096377","1138.788608041"
"2.3283908096377","1138.6413799167"
"2.3293908096377","1138.494006449"
"2.3303908096377","1138.346487637"
"2.3313908096377","1138.1988234793"
"2.3323908096377","1138.051013975"
"2.3333908096377","1137.9030591228"
"2.3343908096377","1137.7549589218"
"2.3353908096377","1137.6067133707"
"2.3363908096377","1137.4583224684"
"2.3373908096377","1137.3097862138"
"2.3383908096377","1137.1611046059"
"2.3393908096377","1137.0122776434"
"2.3403908096377","1136.8633053252"
"2.3413908096377","1136.7141876503"
"2.3423908096377","1136.5649246175"
"2.3433908096377","1136.4155162256"
"2.3443908096377","1136.2659624735"
"2.3453908096377","1136.1162633602"
"2.3463908096377","1135.9664188844"
"2.3473908096377","1135.8164290451"
"2.3483908096377","1135.666293841"
"2.3493908096377","1135.5160132711"
"2.3503908096377","1135.3655873343"
"2.3513908096377","1135.2150160293"
"2.3523908096377","1135.0642993551"
"2.3533908096377","1134.9134373105"
"2.3543908096377","1134.7624298944"
"2.3553908096377","1134.6112771056"
"2.3563908096377","1134.459978943"
"2.3573908096377","1134.3085354054"
"2.3583908096377","1134.1569464918"
"2.3593908096377","1134.0052122008"
"2.3603908096377","1133.8533325315"
"2.3613908096377","1133.7013074827"
"2.3623908096377","1133.5491370531"
"2.3633908096377","1133.3968212417"
"2.3643908096377","1133.2443600473"
"2.3653908096377","1133.0917534687"
"2.3663908096377","1132.9390015049"
"2.3673908096377","1132.7861041545"
"2.3683908096377","1132.6330614166"
"2.3693908096377","1132.4798732899"
"2.3703908096377","1132.3265397732"
"2.3713908096377","1132.1730608655"
"2.3723908096377","1132.0194365654"
"2.3733908096377","1131.865666872"
"2.3743908096377","1131.711751784"
"2.3753908096377","1131.5576913003"
"2.3763908096377","1131.4034854196"
"2.3773908096377","1131.2491341409"
"2.3783908096377","1131.0946374629"
"2.3793908096377","1130.9399953845"
"2.3803908096377","1130.7852079045"
"2.3813908096377","1130.6302750218"
"2.3823908096377","1130.4751967351"
"2.3833908096377","1130.3199730433"
"2.3843908096377","1130.1646039453"
"2.3853908096377","1130.0090894398"
"2.3863908096377","1129.8534295257"
"2.3873908096377","1129.6976242018"
"2.3883908096377","1129.5416734668"
"2.3893908096377","1129.3855773198"
"2.3903908096377","1129.2293357594"
"2.3913908096377","1129.0729487844"
"2.3923908096377","1128.9164163938"
"2.3933908096377","1128.7597385862"
"2.3943908096377","1128.6029153606"
"2.3953908096377","1128.4459467157"
"2.3963908096377","1128.2888326504"
"2.3973908096377","1128.1315731634"
"2.3983908096377","1127.9741682536"
"2.3993908096377","1127.8166179197"
"2.4003908096377","1127.6589221607"
"2.4013908096377","1127.5010809752"
"2.4023908096377","1127.3430943621"
"2.4033908096377","1127.1849623203"
"2.4043908096377","1127.0266848484"
"2.4053908096377","1126.8682619454"
"2.4063908096377","1126.7096936099"
"2.4073908096377","1126.5509798409"
"2.4083908096377","1126.392120637"
"2.4093908096377","1126.2331159972"
"2.4103908096377","1126.0739659201"
"2.4113908096377","1125.9146704047"
"2.4123908096377","1125.7552294497"
"2.4133908096377","1125.5956430538"
"2.4143908096377","1125.4359112159"
"2.4153908096377","1125.2760339348"
"2.4163908096377","1125.1160112092"
"2.4173908096377","1124.955843038"
"2.4183908096377","1124.7955294199"
"2.4193908096377","1124.6350703538"
"2.4203908096377","1124.4744658383"
"2.4213908096377","1124.3137158723"
"2.4223908096377","1124.1528204546"
"2.4233908096377","1123.991779584"
"2.4243908096377","1123.8305932592"
"2.4253908096377","1123.669261479"
"2.4263908096377","1123.5077842422"
"2.4273908096377","1123.3461615476"
"2.4283908096377","1123.1843933939"
"2.4293908096377","1123.02247978"
"2.4303908096377","1122.8604207045"
"2.4313908096377","1122.6982161664"
"2.4323908096377","1122.5358661642"
"2.4333908096377","1122.3733706969"
"2.4343908096377","1122.2107297632"
"2.4353908096377","1122.0479433618"
"2.4363908096377","1121.8850114916"
"2.4373908096377","1121.7219341512"
"2.4383908096377","1121.5587113395"
"2.4393908096377","1121.3953430552"
"2.4403908096377","1121.2318292971"
"2.4413908096377","1121.0681700639"
"2.4423908096377","1120.9043653544"
"2.4433908096377","1120.7404151674"
"2.4443908096377","1120.5763195017"
"2.4453908096377","1120.4120783559"
"2.4463908096377","1120.2476917288"
"2.4473908096377","1120.0831596192"
"2.4483908096377","1119.9184820259"
"2.4493908096377","1119.7536589476"
"2.4503908096377","1119.588690383"
"2.4513908096377","1119.4235763309"
"2.4523908096377","1119.2583167901"
"2.4533908096377","1119.0929117593"
"2.4543908096377","1118.9273612372"
"2.4553908096377","1118.7616652227"
"2.4563908096377","1118.5958237143"
"2.4573908096377","1118.429836711"
"2.4583908096377","1118.2637042113"
"2.4593908096377","1118.0974262142"
"2.4603908096377","1117.9310027182"
"2.4613908096377","1117.7644337222"
"2.4623908096377","1117.5977192249"
"2.4633908096377","1117.4308592251"
"2.4643908096377","1117.2638537213"
"2.4653908096377","1117.0967027125"
"2.4663908096377","1116.9294061973"
"2.4673908096377","1116.7619641745"
"2.4683908096377","1116.5943766427"
"2.4693908096377","1116.4266436008"
"2.4703908096377","1116.2587650475"
"2.4713908096377","1116.0907409814"
"2.4723908096377","1115.9225714014"
"2.4733908096377","1115.7542563061"
"2.4743908096377","1115.5857956942"
"2.4753908096377","1115.4171895646"
"2.4763908096377","1115.2484379158"
"2.4773908096377","1115.0795407467"
"2.4783908096377","1114.9104980559"
"2.4793908096377","1114.7413098422"
"2.4803908096377","1114.5719761043"
"2.4813908096377","1114.402496841"
"2.4823908096377","1114.2328720508"
"2.4833908096377","1114.0631017326"
"2.4843908096377","1113.893185885"
"2.4853908096377","1113.7231245068"
"2.4863908096377","1113.5529175967"
"2.4873908096377","1113.3825651533"
"2.4883908096377","1113.2120671755"
"2.4893908096377","1113.0414236619"
"2.4903908096377","1112.8706346112"
"2.4913908096377","1112.6997000221"
"2.4923908096377","1112.5286198933"
"2.4933908096377","1112.3573942236"
"2.4943908096377","1112.1860230116"
"2.4953908096377","1112.014506256"
"2.4963908096377","1111.8428439556"
"2.4973908096377","1111.671036109"
"2.4983908096377","1111.4990827149"
"2.4993908096377","1111.3269837721"
"2.5003908096377","1111.1547392792"
"2.5013908096377","1110.9823492349"
"2.5023908096377","1110.809813638"
"2.5033908096377","1110.637132487"
"2.5043908096377","1110.4643057807"
"2.5053908096377","1110.2913335179"
"2.5063908096377","1110.1182156971"
"2.5073908096377","1109.9449523171"
"2.5083908096377","1109.7715433765"
"2.5093908096377","1109.5979888741"
"2.5103908096377","1109.4242888085"
"2.5113908096377","1109.2504431784"
"2.5123908096377","1109.0764519825"
"2.5133908096377","1108.9023152195"
"2.5143908096377","1108.728032888"
"2.5153908096377","1108.5536049868"
"2.5163908096377","1108.3790315144"
"2.5173908096377","1108.2043124697"
"2.5183908096377","1108.0294478512"
"2.5193908096377","1107.8544376577"
"2.5203908096377","1107.6792818878"
"2.5213908096377","1107.5039805402"
"2.5223908096377","1107.3285336135"
"2.5233908096377","1107.1529411065"
"2.5243908096377","1106.9772030177"
"2.5253908096377","1106.8013193459"
"2.5263908096377","1106.6252900898"
"2.5273908096377","1106.449115248"
"2.5283908096377","1106.2727948191"
"2.5293908096377","1106.0963288018"
"2.5303908096377","1105.9197171949"
"2.5313908096377","1105.7429599968"
"2.5323908096377","1105.5660572064"
"2.5333908096377","1105.3890088223"
"2.5343908096377","1105.2118148431"
"2.5353908096377","1105.0344752675"
"2.5363908096377","1104.8569900941"
"2.5373908096377","1104.6793593216"
"2.5383908096377","1104.5015829487"
"2.5393908096377","1104.323660974"
"2.5403908096377","1104.1455933961"
"2.5413908096377","1103.9673802137"
"2.5423908096377","1103.7890214255"
"2.5433908096377","1103.6105170301"
"2.5443908096377","1103.4318670261"
"2.5453908096377","1103.2530714123"
"2.5463908096377","1103.0741301871"
"2.5473908096377","1102.8950433494"
"2.5483908096377","1102.7158108976"
"2.5493908096377","1102.5364328306"
"2.5503908096377","1102.3569091468"
"2.5513908096377","1102.177239845"
"2.5523908096377","1101.9974249238"
"2.5533908096377","1101.8174643818"
"2.5543908096377","1101.6373582176"
"2.5553908096377","1101.4571064299"
"2.5563908096377","1101.2767090174"
"2.5573908096377","1101.0961659786"
"2.5583908096377","1100.9154773122"
"2.5593908096377","1100.7346430168"
"2.5603908096377","1100.553663091"
"2.5613908096377","1100.3725375336"
"2.5623908096377","1100.191266343"
"2.5633908096377","1100.009849518"
"2.5643908096377","1099.8282870571"
"2.5653908096377","1099.6465789589"
"2.5663908096377","1099.4647252222"
"2.5673908096377","1099.2827258455"
"2.5683908096377","1099.1005808274"
"2.5693908096377","1098.9182901666"
"2.5703908096377","1098.7358538617"
"2.5713908096377","1098.5532719112"
"2.5723908096377","1098.3705443139"
"2.5733908096377","1098.1876710682"
"2.5743908096377","1098.004652173"
"2.5753908096377","1097.8214876266"
"2.5763908096377","1097.6381774278"
"2.5773908096377","1097.4547215752"
"2.5783908096377","1097.2711200673"
"2.5793908096377","1097.0873729028"
"2.5803908096377","1096.9034800804"
"2.5813908096377","1096.7194415985"
"2.5823908096377","1096.5352574558"
"2.5833908096377","1096.3509276509"
"2.5843908096377","1096.1664521824"
"2.5853908096377","1095.9818310489"
"2.5863908096377","1095.7970642491"
"2.5873908096377","1095.6121517814"
"2.5883908096377","1095.4270936445"
"2.5893908096377","1095.241889837"
"2.5899351272745","1093.7334747327"
"2.6099351272745","668.27339715083"
"2.6199351272745","387.51684563291"
"2.6299351272745","202.24860220986"
"2.6399351272745","79.992071291909"
"2.6499351272745","0.68370495518355"
"2.6599351272745","53.92078623176"
"2.6699351272745","89.051366372301"
"2.6799351272745","112.23366020617"
"",""
